Unique event name,Series,Number,Date,YouTube,Guests,Title or name of stream
Livestream #001.1,Livestream,#001.1,7/28/2020 10:00 AM,https://youtu.be/C94WDXAe4EE,,Narrative as active inference
Livestream #002.1,Livestream,#002.1,8/11/2020 10:00 AM,https://youtu.be/601-lt_8eVE,,Is the free-energy principle a formal theory of semantics? From variational density dynamics to neural and phenotypic representations
Livestream #003.1,Livestream,#003.1,8/25/2020,https://youtu.be/mz7L4GD5g-E,Jared Vasil,A World Unto Itself: Human Communication as Active Inference
Livestream #003.2,Livestream,#003.2,9/2/2020,https://youtu.be/ijuxHfPDd3U,,A World Unto Itself: Human Communication as Active Inference
Livestream #004.1,Livestream,#004.1,9/15/2020,https://youtu.be/Y6qx6C1tmjs,,Cultural Affordances: Scaffolding Local Worlds Through Shared Intentionality and Regimes of Attention
Livestream #004.2,Livestream,#004.2,9/22/2020,https://youtu.be/SAc1F1AWRAs,,Cultural Affordances: Scaffolding Local Worlds Through Shared Intentionality and Regimes of Attention
Livestream #005.0,Livestream,#005.0,9/27/2020,https://youtu.be/g2n47dPUyNY,,Multiscale integration: beyond internalism and externalism
Livestream #005.1,Livestream,#005.1,9/29/2020,https://youtu.be/B6Uqf_T-nec,,Multiscale integration: beyond internalism and externalism
Livestream #005.2,Livestream,#005.2,10/6/2020,https://youtu.be/V7yNq_KpHo8,,Multiscale integration: beyond internalism and externalism
Livestream #006.0,Livestream,#006.0,10/9/2020 7:00 AM,https://youtu.be/jHWCQ1dpoK0,,A tale of two densities: active inference is enactive inference
Livestream #006.1,Livestream,#006.1,10/13/2020 7:00 AM,https://youtu.be/9IIsoNMRSb8,Maxwell J D Ramstead,A tale of two densities: active inference is enactive inference
Livestream #006.2,Livestream,#006.2,10/20/2020 7:00 AM,https://youtu.be/y4tljwMAWho,Maxwell J D Ramstead,A tale of two densities: active inference is enactive inference
Livestream #007.0,Livestream,#007.0,10/23/2020 7:00 AM,https://youtu.be/7cJ8dmO3qlY,,Variational ecology and the physics of sentient systems
Livestream #007.1,Livestream,#007.1,10/27/2020 7:00 AM,https://youtu.be/72g62XJ-SpA,Maxwell J D Ramstead,Variational ecology and the physics of sentient systems
Livestream #007.2,Livestream,#007.2,11/3/2020,https://youtu.be/qf4S9bK5VKQ,Maxwell Ramstead,Variational ecology and the physics of sentient systems
Livestream #008.1,Livestream,#008.1,11/10/2020,https://youtu.be/zG0qP7un91k,,Scaling active inference
Livestream #008.0,Livestream,#008.0,11/14/2020,https://youtu.be/kXw1CPRkJCw,,Scaling active inference
Livestream #008.2,Livestream,#008.2,11/17/2020,https://youtu.be/gv8RuRiZTQA,Alec Tschantz,Scaling active inference
Livestream #009.0,Livestream,#009.0,11/18/2020,https://youtu.be/XnOfWFnN2iI,,The Projective Consciousness Model and Phenomenal Selfhood
Livestream #009.1,Livestream,#009.1,11/24/2020,https://youtu.be/pSWRTkmR8eg,,The Projective Consciousness Model and Phenomenal Selfhood
Livestream #009.2,Livestream,#009.2,12/1/2020,https://youtu.be/XYRKlh2c-ps,"David Rudrauf,Kenneth Williford",The Projective Consciousness Model and Phenomenal Selfhood
Livestream #010.0,Livestream,#010.0,12/2/2020,https://youtu.be/5DB77oxbABo,,A variational approach to scripts
Livestream #010.1,Livestream,#010.1,12/8/2020,https://youtu.be/3Sg1sAlgQaM,,A variational approach to scripts
Livestream #010.2,Livestream,#010.2,12/15/2020,https://youtu.be/IGKUS1W25rY,,A variational approach to scripts
Livestream #011.0,Livestream,#011.0,12/16/2020,https://youtu.be/HSu9sDa6-BQ,,Sophisticated Affective Inference: Simulating Anticipatory Affective Dynamics of Imagining Future Events
Livestream #011.1,Livestream,#011.1,12/22/2020,https://youtu.be/xCqavxpiw44,,Sophisticated Affective Inference: Simulating Anticipatory Affective Dynamics of Imagining Future Events
Livestream #011.2,Livestream,#011.2,12/29/2020,https://youtu.be/gx9yAF607ko,,Sophisticated Affective Inference: Simulating Anticipatory Affective Dynamics of Imagining Future Events
Livestream #012.0,Livestream,#012.0,12/30/2020,https://youtu.be/qGQljJRCB0g,,2020 Review and 2021 Directions
Livestream #013.0,Livestream,#013.0,1/3/2021,https://youtu.be/8dPps0qLrp4,,Integrating Cybernetic Big Five Theory with the Free Energy Principle: A new strategy for modeling personalities as complex systems
Livestream #013.1,Livestream,#013.1,1/5/2021,https://youtu.be/QG2gOoX4XdA,Adam Safron,Integrating Cybernetic Big Five Theory with the Free Energy Principle: A new strategy for modeling personalities as complex systems
Livestream #013.2,Livestream,#013.2,1/12/2021,https://youtu.be/PyyHd4P8dbs,,Integrating Cybernetic Big Five Theory with the Free Energy Principle: A new strategy for modeling personalities as complex systems
ModelStream #001.1,ModelStream,#001.1,1/15/2021,https://youtu.be/H5AolqFl2Nw,"Christopher Whyte,Ryan Smith",A step-by-step tutorial on active inference and its application to empirical data
Livestream #014.0,Livestream,#014.0,1/16/2021,https://www.youtube.com/watch?v=Uheml5XRCWk,,“The Math is not the Territory: Navigating the Free Energy Principle”
Livestream #014.1,Livestream,#014.1,1/19/2021,https://youtu.be/gQQyd8Hd3AA,,“The Math is not the Territory: Navigating the Free Energy Principle”
ModelStream #001.2,ModelStream,#001.2,1/22/2021,https://youtu.be/bDJbEofbvyk,"Christopher Whyte,Ryan Smith",A step-by-step tutorial on active inference and its application to empirical data
Livestream #014.2,Livestream,#014.2,1/26/2021,https://youtu.be/4Mu8lDqzBog,,“The Math is not the Territory: Navigating the Free Energy Principle”
Livestream #015.0,Livestream,#015.0,1/27/2021,https://youtu.be/6Z-6p1XPn8A,,"“Free-Energy Principle, Computationalism and Realism: a Tragedy"""
ModelStream #001.3,ModelStream,#001.3,1/29/2021,https://youtu.be/bDJbEofbvyk,"Christopher Whyte,Ryan Smith",A step-by-step tutorial on active inference and its application to empirical data
Livestream #015.1,Livestream,#015.1,2/2/2021,https://youtu.be/5VPKmVoRvRY,,"“Free-Energy Principle, Computationalism and Realism: a Tragedy"""
ModelStream #001.4,ModelStream,#001.4,2/5/2021,https://youtu.be/QRGaGmT-VFM,"Christopher Whyte,Ryan Smith",A step-by-step tutorial on active inference and its application to empirical data
Livestream #015.2,Livestream,#015.2,2/9/2021,https://youtu.be/iJp_Tm6Ej68,,"“Free-Energy Principle, Computationalism and Realism: a Tragedy"""
Livestream #016.0,Livestream,#016.0,2/11/2021,https://youtu.be/i13aBAWuJxk,,“The neural correlates of consciousness under the free energy principle: From computational correlates to computational explanation”
Livestream #016.1,Livestream,#016.1,2/16/2021,https://youtu.be/P6LiF4gTfUo,,“The neural correlates of consciousness under the free energy principle: From computational correlates to computational explanation”
Livestream #016.2,Livestream,#016.2,2/23/2021,https://youtu.be/93lAa-xEmHY,,“The neural correlates of consciousness under the free energy principle: From computational correlates to computational explanation”
GuestStream #001.1,GuestStream,#001.1,2/24/2021,https://youtu.be/HZoZtiSwMvA,Majid D Beni,A critical analysis of Markovian monism
Roundtable 2021.1,Roundtable,2021.1,3/2/2021,https://youtu.be/jaw0QmAvAQU,,2021 Quarterly Roundtable #1
Livestream #017.0,Livestream,#017.0,3/3/2021,https://youtu.be/o7sJ-5vFJGk,,Information flow in context-dependent hierarchical Bayesian inference
Livestream #017.1,Livestream,#017.1,3/9/2021,https://youtu.be/ldg2An-tEIE,,Information flow in context-dependent hierarchical Bayesian inference
Livestream #017.2,Livestream,#017.2,3/16/2021,https://youtu.be/zF-EUnA-di4,,Information flow in context-dependent hierarchical Bayesian inference
Livestream #018.0,Livestream,#018.0,3/17/2021,https://youtu.be/1z1MHiHiYuM,,The predictive global neuronal workspace: A formal active inference model of visual consciousness
GuestStream #002.1,GuestStream,#002.1,3/18/2021,https://youtu.be/5oSqT8a6-dQ,Dimitris Bolis,‘I interact therefore I am’ Human becoming in and through social interaction
Livestream #018.1,Livestream,#018.1,3/23/2021,https://youtu.be/Y8Y4f-SEcsI,,The predictive global neuronal workspace: A formal active inference model of visual consciousness
MathStream #001.1,MathStream,#001.1,3/24/2021,https://youtu.be/1HKjMeEGLyY,Shanna Dobson,Emergent Time and Chromatic Types
Livestream #018.2,Livestream,#018.2,3/30/2021,https://youtu.be/Y8Y4f-SEcsI,,The predictive global neuronal workspace: A formal active inference model of visual consciousness
Livestream #019.0,Livestream,#019.0,4/1/2021,https://youtu.be/1FbOzAJ8CRQ,,Deeply Felt Affect: The Emergence of Valence in Deep Active Inference
Livestream #019.1,Livestream,#019.1,4/6/2021,https://youtu.be/SMQvRspIzpQ,,Deeply Felt Affect: The Emergence of Valence in Deep Active Inference
Livestream #021.01,Livestream,#021.01,4/6/2021,https://www.youtube.com/watch?v=z9ZCjd2rqGY,John Boik,"Science-Driven Societal Transformation, Part I: Worldview                                                 Science-Driven Societal Transformation, Part II: Motivation and Strategy                                                       Science-Driven Societal Transformation, Part III: Design"
GuestStream #003.1,GuestStream,#003.1,4/7/2021,https://youtu.be/YS2X_oW6NrM,Sarah Hashkes,"Active Inference, VR, and Psychedelics"
Livestream #019.2,Livestream,#019.2,4/13/2021,https://youtu.be/z_hArARMQ20,,Deeply Felt Affect: The Emergence of Valence in Deep Active Inference
Livestream #021.02,Livestream,#021.02,4/13/2021,https://youtu.be/MlvyehPDQXg,John Boik,"Science-Driven Societal Transformation, Part I: Worldview                                                 Science-Driven Societal Transformation, Part II: Motivation and Strategy                                                       Science-Driven Societal Transformation, Part III: Design"
GuestStream #004.1,GuestStream,#004.1,4/14/2021,https://youtu.be/qEkW4YsN5PY,Elliot Murphy,Natural language syntax complies with the free energy principle
Livestream #020.0,Livestream,#020.0,4/15/2021,https://youtu.be/1VTviUyntt8,,The Emperor’s New Markov Blankets [2020 version]
ModelStream #002.1,ModelStream,#002.1,4/16/2021,https://youtu.be/UDm0lriAIJw,"Noor Sajid,Phillip Ball",Active Inference: Demystified and Compared
Livestream #021.03,Livestream,#021.03,4/20/2021,https://youtu.be/idO34jucRIw,John Boik,"Science-Driven Societal Transformation, Part I: Worldview                                                 Science-Driven Societal Transformation, Part II: Motivation and Strategy                                                       Science-Driven Societal Transformation, Part III: Design"
Livestream #020.1,Livestream,#020.1,4/20/2021,https://youtu.be/szCSh8pVEa4,,The Emperor’s New Markov Blankets [2020 version]
Livestream #021.04,Livestream,#021.04,4/27/2021,https://youtu.be/PakWPvu07OM,John Boik,"Science-Driven Societal Transformation, Part I: Worldview                                                 Science-Driven Societal Transformation, Part II: Motivation and Strategy                                                       Science-Driven Societal Transformation, Part III: Design"
Livestream #020.2,Livestream,#020.2,4/27/2021,https://youtu.be/q3qBepJf3vA,,The Emperor’s New Markov Blankets [2020 version]
GuestStream #005.1,GuestStream,#005.1,4/28/2021,https://youtu.be/Sxst-xBTMvU,Martin Biehl,A technical critique of some parts of the Free Energy Principle
Livestream #021.1,Livestream,#021.1,5/4/2021,https://youtu.be/mbEqoCV16q4,John Boik,"Science-Driven Societal Transformation, Part I: Worldview                                                 Science-Driven Societal Transformation, Part II: Motivation and Strategy                                                       Science-Driven Societal Transformation, Part III: Design"
MathStream #002.1,MathStream,#002.1,5/6/2021,https://youtu.be/RQb6wLWoYok,Shanna Dobson,Diamond Holographic Principle and D-Emergent Time
GuestStream #006.1,GuestStream,#006.1,5/10/2021,https://youtu.be/lwVIUz7O0jg,Anna Ciaunica,The First Prior: from Co-Embodiment to Co-Homeostasis in Early Life
Livestream #021.2,Livestream,#021.2,5/11/2021,https://youtu.be/i5WwQ4WXGNo,John Boik,"Science-Driven Societal Transformation, Part I: Worldview                                                 Science-Driven Societal Transformation, Part II: Motivation and Strategy                                                       Science-Driven Societal Transformation, Part III: Design"
Livestream #022.0,Livestream,#022.0,5/13/2021,https://youtu.be/bNB-7nQDdwM,,Psychophysical identity and free energy
Livestream #022.1,Livestream,#022.1,5/18/2021,https://youtu.be/v60cQUiu1NE,Alex Kiefer,Psychophysical identity and free energy
Livestream #022.2,Livestream,#022.2,5/25/2021,https://youtu.be/wiUDw6vk644,,Psychophysical identity and free energy
Livestream #023.0,Livestream,#023.0,5/27/2021,https://youtu.be/8JrGE02KzuY,,Embodied skillful performance: where the action is
ModelStream #003.1,ModelStream,#003.1,5/27/2021,https://youtu.be/G-S-kq42evw,"Ozan Catal ,Tim Verbelen",Learning Generative State Space Models for Active Inference
GuestStream #007.1,GuestStream,#007.1,5/28/2021,https://youtu.be/YjTD_Ifw_qA,"Miguel Aguilera,Christopher L. Buckley,Beren Millidge",How particular is the physics of the Free Energy Principle?
Roundtable 2021.2,Roundtable,"2021.2 ",6/1/2021,https://youtu.be/AUXWQzpr2x8,,2021 Quarterly Roundtable #2
Livestream #023.1,Livestream,#023.1,6/8/2021,https://youtu.be/PgzQrHSu1CU,,Embodied skillful performance: where the action is
MathStream #003.1,MathStream,#003.1,6/9/2021,https://youtu.be/bBE2w_BpuAw,"Shanna Dobson,Robert Prentner,Adam Safron",Shanna Dobson et al.
Livestream #023.2,Livestream,#023.2,6/15/2021,https://youtu.be/bjYUbKlfHUo,,Embodied skillful performance: where the action is
Livestream #024.0,Livestream,#024.0,6/16/2021,https://youtu.be/Fx7xWUU1MlI,,An empirical evaluation of active inference in multi-armed bandits
Applied Active Inference Symposium — Karl Friston 2021,Applied Active Inference Symposium,— Karl Friston 2021,6/21/2021,https://youtu.be/INRaCBikpso,Karl J Friston,"1st Applied Active Inference Symposium, part 1 (.edu)"
Applied Active Inference Symposium — Karl Friston 2021,Applied Active Inference Symposium,— Karl Friston 2021,6/21/2021,https://youtu.be/INRaCBikpso,Karl J Friston,"1st Applied Active Inference Symposium, part 2 (.comms)"
Applied Active Inference Symposium — Karl Friston 2021,Applied Active Inference Symposium,— Karl Friston 2021,6/21/2021,https://youtu.be/hW9IiOujS1E,Karl J Friston,"1st Applied Active Inference Symposium, part 3 (.tools)"
Livestream #024.1,Livestream,#024.1,6/22/2021,https://youtu.be/a089q9RaI14,,An empirical evaluation of active inference in multi-armed bandits
Livestream #024.2,Livestream,#024.2,6/29/2021,https://youtu.be/lqxl8w_JGek,,An empirical evaluation of active inference in multi-armed bandits
Livestream #025.0,Livestream,#025.0,7/1/2021,https://youtu.be/4JfGs_m5QHo,,The Computational Boundary of a “Self”: Developmental Bioelectricity Drives Multicellularity and Scale-Free Cognition
Livestream #025.1,Livestream,#025.1,7/6/2021,https://youtu.be/v0oJvbVuAF0,,The Computational Boundary of a “Self”: Developmental Bioelectricity Drives Multicellularity and Scale-Free Cognition
Livestream #025.2,Livestream,#025.2,7/15/2021,https://youtu.be/XSYxOt8CRDI,Michael Levin,The Computational Boundary of a “Self”: Developmental Bioelectricity Drives Multicellularity and Scale-Free Cognition
Roundtable 2021.3,Roundtable,2021.3,8/3/2021,https://youtu.be/hGoZierAPbU,,2021 Quarterly Roundtable #3
Livestream #026.0,Livestream,#026.0,8/6/2021,https://youtu.be/eZlG_J7sPj4,,Bayesian Mechanics for Stationary Processes
GuestStream #008.1,GuestStream,#008.1,8/9/2021,https://youtu.be/m8gUev5aVFs,"Mark Miller,Ines Hipolito,Julian Kiverstein",Exploring the Predictive Dynamics of Happiness and Well-Being
Livestream #026.1,Livestream,#026.1,8/10/2021,https://youtu.be/1rHz3Ir5v9c,"Lancelot Da Costa,Conor Heins",Bayesian Mechanics for Stationary Processes
Livestream #026.2,Livestream,#026.2,8/17/2021,https://youtu.be/SH2v6joMD4k,Lancelot Da Costa,Bayesian Mechanics for Stationary Processes
ModelStream #004.1,ModelStream,#004.1,8/19/2021,https://youtu.be/uePR4DQv0yI,"Dmitry Bagaev,Bert de Vries,Thijs W van de Laar",Implementing Active Inference by Message Passing in a Factor Graph
GuestStream #009.1,GuestStream,#009.1,8/20/2021,https://youtu.be/odkks5F9ZMM,"Rafael Kaufmann,Pranav Gupta",Collective intelligence and active inference
Livestream #027.0,Livestream,#027.0,8/23/2021,https://youtu.be/qw0SkhnHWWI,,Active Inference: Applicability to Different Types of Social Organization Explained through Reference to Industrial Engineering and Quality Management
Livestream #027.1,Livestream,#027.1,8/24/2021,https://youtu.be/Oq2oM55OKzE,Stephen Fox,Active Inference: Applicability to Different Types of Social Organization Explained through Reference to Industrial Engineering and Quality Management
Livestream #027.2,Livestream,#027.2,8/31/2021,https://youtu.be/MWWV3U-Llk4,Stephen Fox,Active Inference: Applicability to Different Types of Social Organization Explained through Reference to Industrial Engineering and Quality Management
Livestream #028.0,Livestream,#028.0,9/6/2021,https://youtu.be/sjdjRJMRVfw,,Towards a computational phenomenology of mental action: modelling meta-awareness and attentional control with deep parametric active inference
Livestream #028.1,Livestream,#028.1,9/7/2021,https://youtu.be/eX5jt3HP27c,Lars Sandved-Smith,Towards a computational phenomenology of mental action: modelling meta-awareness and attentional control with deep parametric active inference
Livestream #028.2,Livestream,#028.2,9/14/2021,https://youtu.be/sEyNwzUuiII,,Towards a computational phenomenology of mental action: modelling meta-awareness and attentional control with deep parametric active inference
Livestream #029.0,Livestream,#029.0,9/17/2021,https://youtu.be/SNbfAkOokAI,,Active Inferants: An Active Inference Framework for Ant Colony Behavior
Livestream #029.1,Livestream,#029.1,9/21/2021,https://www.youtube.com/watch?v=Z0fpX5Lpp0Y,Maxwell Ramstead,Active Inferants: An Active Inference Framework for Ant Colony Behavior
Livestream #029.2,Livestream,#029.2,9/28/2021,https://youtu.be/Z4S5JVoeGBw,,Active Inferants: An Active Inference Framework for Ant Colony Behavior
Livestream #030.0,Livestream,#030.0,10/1/2021,https://youtu.be/N3WUpVH8-D8,,"How to count biological minds: symbiosis, the free energy principle, and reciprocal multiscale integration"
Livestream #030.1,Livestream,#030.1,10/5/2021 7:00 AM,https://youtu.be/5H164LqEwiA,Matt Sims,"How to count biological minds: symbiosis, the free energy principle, and reciprocal multiscale integration"
Livestream #030.2,Livestream,#030.2,10/12/2021 7:00 AM,https://youtu.be/VXLNOfkH5Rg,,"How to count biological minds: symbiosis, the free energy principle, and reciprocal multiscale integration"
Livestream #031.0,Livestream,#031.0,10/14/2021 10:30 AM,https://youtu.be/imPNfqsHbjI,,Non-equilibrium thermodynamics and the free energy principle in biology
Livestream #031.1,Livestream,#031.1,10/19/2021 7:00 AM,https://youtu.be/4XR8mIw9gcc,,Non-equilibrium thermodynamics and the free energy principle in biology
GuestStream #011.1,GuestStream,#011.1,10/22/2021 10:00 AM,https://youtu.be/Zvwt-98kcFM,Gregg Henriques,The Ontology of Mental Behavior: Toward a Coherent Solution to the Problem of Psychology
GuestStream #012.1,GuestStream,#012.1,10/25/2021,https://youtu.be/zVvTAnRwigQ,Martin V Butz,"Event-Predictive Active Inference: Developing Conceptual, Compositional Cognition from Sensorimotor Experiences"
Livestream #031.2,Livestream,#031.2,10/26/2021,https://www.youtube.com/watch?v=GYJ0UC6ykxk&t=1906s,,Non-equilibrium thermodynamics and the free energy principle in biology
OrgStream #001.1,OrgStream,#001.1,10/28/2021,https://youtu.be/bUr87RcOQUQ,Richard Bartlett,Richard D. Bartlett
Roundtable 2021.4,Roundtable,2021.4,11/2/2021,https://youtu.be/j4dt5a1f30g,,2021 Quarterly Roundtable #4
Livestream #032.0,Livestream,#032.0,11/7/2021,https://youtu.be/7_JLMK3agpA,,Stochastic Chaos and Markov Blankets
GuestStream #013.1,GuestStream,#013.1,11/8/2021 12:00 PM,https://youtu.be/eVbWeWEX9dA,Adam Safron,ALtered Beliefs Under pSychedelics (ALBUS): A unified predictive processing framework for states of consciousness and their alterations
Livestream #032.1,Livestream,#032.1,11/9/2021,https://youtu.be/wqoeyrW2Yqg,,Stochastic Chaos and Markov Blankets
Livestream #032.2,Livestream,#032.2,11/16/2021,https://youtu.be/ElKVfCJrIHM,,Stochastic Chaos and Markov Blankets
Livestream #033.0,Livestream,#033.0,11/18/2021,https://youtu.be/iIfDvVRgsjQ,,Thinking like a State - Embodied intelligence in the deep history of our collective minds
GuestStream #010.1,GuestStream,#010.1,11/19/2021,https://youtu.be/Hvr-RgWZ7p4,Philip Gerrans,The Cotard Delusion: Case Study of the Cognitive Architecture of Self Representation. A Pilot without a vessel
Livestream #033.1,Livestream,#033.1,11/23/2021,https://youtu.be/LQuXltGQ8Xk,Avel Guénin-Carlut,Thinking like a State - Embodied intelligence in the deep history of our collective minds
Livestream #033.2,Livestream,#033.2,11/30/2021,https://youtu.be/S5nXqPysU3I,,Thinking like a State - Embodied intelligence in the deep history of our collective minds
Livestream #034.0,Livestream,#034.0,12/3/2021,https://youtu.be/Ga8EZMGO460,,"The free energy principle: it’s not about what it takes, it’s about what took you there"
Livestream #034.1,Livestream,#034.1,12/7/2021,https://youtu.be/JtXvkawQ1rY,,"The free energy principle: it’s not about what it takes, it’s about what took you there"
Twitter Spaces #001.1,Twitter Spaces,#001.1,12/9/2021,https://youtu.be/3SjbReGPZME,Krzysztof Woś,What is Buddha Mind? How does Active Inference relate?
Livestream #034.2,Livestream,#034.2,12/14/2021,https://youtu.be/vkZ_vnN0--Y,,"The free energy principle: it’s not about what it takes, it’s about what took you there"
Livestream #032.3,Livestream,#032.3,12/16/2021,https://youtu.be/-Y4OVfbxlMM,Conor Heins,Stochastic Chaos and Markov Blankets
Livestream 2021 Review,Livestream,2021 Review,12/23/2021,https://youtu.be/4hTT6fUTMM8,,End of 2021 Review
Livestream #035.0,Livestream,#035.0,1/4/2022,https://www.youtube.com/watch?v=e-Ck8sxCME0,,"A tale of two architectures free energy, its models, and modularity"
Livestream #035.1,Livestream,#035.1,1/5/2022,https://youtu.be/RoMCBXy-7E0,,"A tale of two architectures free energy, its models, and modularity"
GuestStream #014.1,GuestStream,#014.1,1/10/2022,https://youtu.be/mjL3cGYEMNg,Jorge E Esteves,"Osteopathy and Mental Health: An Embodied, Predictive, and Interoceptive Framework"
Livestream #035.2,Livestream,#035.2,1/12/2022,https://youtu.be/sQWSkDQvnqk,Majid D Beni,"A tale of two architectures free energy, its models, and modularity"
Livestream #036.0,Livestream,#036.0,1/13/2022,https://youtu.be/cOo4juE_zcI,,Modelling ourselves: what the free energy principle reveals about our implicit notions of representation
GuestStream #015.1,GuestStream,#015.1,1/18/2022,https://youtu.be/_JCaic5Cxms,Bobby Azarian,Universal Bayesianism: A New Kind of Theory of Everything
Livestream #036.1,Livestream,#036.1,1/19/2022,https://www.youtube.com/watch?v=YKn2njZ_ICg,,Modelling ourselves: what the free energy principle reveals about our implicit notions of representation
OrgStream #002.1,OrgStream,#002.1,1/21/2022,https://youtu.be/eUBT37LMlLo,Eugene Leventhal,Eugene Leventhal
GuestStream #016.1,GuestStream,#016.1,1/22/2022,https://youtu.be/NHfGuwoCXI8,Mark Solms,Consciousness as Precision Optimization: Some Physiological and Philosophical Considerations
Livestream #036.2,Livestream,#036.2,1/26/2022,https://youtu.be/Lo95GakwV5w,,Modelling ourselves: what the free energy principle reveals about our implicit notions of representation
ModelStream #005.1,ModelStream,#005.1,1/28/2022,https://youtu.be/GR07coJNPUE,"Pietro Mazzaglia,Tim Verbelen",Contrastive Active Inference
Livestream #037.1,Livestream,#037.1,2/2/2022,https://youtu.be/GHcpJ_bMuu4,Stephen Mann,Free Energy: A User's Guide
Livestream #037.0,Livestream,#037.0,2/2/2022,https://youtu.be/chpbMBgDR84,,Free Energy: A User's Guide
Livestream #037.2,Livestream,#037.2,2/9/2022,https://youtu.be/6WP7mY13lzc,,Free Energy: A User's Guide
Livestream #038.1,Livestream,#038.1,2/16/2022,https://youtu.be/azwqMjgfY8Y,,The evolution of brain architectures for predictive coding and active inference
Livestream #038.0,Livestream,#038.0,2/16/2022,https://youtu.be/cOo4juE_zcI,,The evolution of brain architectures for predictive coding and active inference
Livestream #038.2,Livestream,#038.2,2/23/2022,https://youtu.be/0OQx04x8-zA,,The evolution of brain architectures for predictive coding and active inference
Livestream #039.0,Livestream,#039.0,2/25/2022,https://youtu.be/yC-hgjv3ANk,,Morphogenesis as Bayesian inference: A variational approach to pattern formation and control in complex biological systems
Livestream #039.1,Livestream,#039.1,3/2/2022,https://youtu.be/R4C_DgP_khY,,Morphogenesis as Bayesian inference: A variational approach to pattern formation and control in complex biological systems
Livestream #039.2,Livestream,#039.2,3/9/2022,https://youtu.be/KbyPFR7xUDo,Franz Kuchling,Morphogenesis as Bayesian inference: A variational approach to pattern formation and control in complex biological systems
GuestStream #017.1,GuestStream,#017.1,3/9/2022,https://youtu.be/aEYQCmFl1Bw,Mahault Albarracin,Epistemic Communities under Active Inference
Livestream #040.0,Livestream,#040.0,3/10/2022,https://youtu.be/-qZYxSbJ38E,,A free energy principle for generic quantum systems
GuestStream #018.1,GuestStream,#018.1,3/14/2022,https://youtu.be/9zq1JUnN_eg,"Ian Robertson,Michael Kirchhoff,Julian Kiverstein","The Literalist Fallacy & the Free Energy Principle: Model-building, Scientific Realism and Instrumentalism"
Livestream #040.1,Livestream,#040.1,3/17/2022,https://youtu.be/NkJKl_yF274,"James F Glazebrook,Karl J Friston,Chris Fields,Michael Levin",A free energy principle for generic quantum systems
Livestream #040.2,Livestream,#040.2,3/24/2022,https://youtu.be/Cgo-0UU848M,"Karl J Friston,Chris Fields,Michael Levin",A free energy principle for generic quantum systems
GuestStream #019.1,GuestStream,#019.1,3/25/2022,https://youtu.be/e_JGrt4jbhE,Marco Faccin,Extended Predictive Minds: do Markov Blankets Matter?
Roundtable 2022.1,Roundtable,2022.1,3/30/2022,https://youtu.be/ozuzf6Pvlyg,,2022 Quarterly Roundtable #1
Livestream #041.0,Livestream,#041.0,4/5/2022,https://youtu.be/VsOqIxNYpPQ,,Extended active inference: Constructing predictive cognition beyond skulls
Livestream #041.1,Livestream,#041.1,4/6/2022,https://youtu.be/H6rjjPZE5hs,,Extended active inference: Constructing predictive cognition beyond skulls
Livestream #041.2,Livestream,#041.2,4/13/2022,https://youtu.be/RB2axUYnE8I,,Extended active inference: Constructing predictive cognition beyond skulls
Livestream #042.0,Livestream,#042.0,4/18/2022,https://youtu.be/Dl6v-3COgCo,,Robot navigation as hierarchical active inference
Livestream #042.1,Livestream,#042.1,4/20/2022,https://youtu.be/UUQIVqcI-yw,"Tim Verbelen,Adam Safron",Robot navigation as hierarchical active inference
GuestStream #020.1,GuestStream,#020.1,4/21/2022,https://youtu.be/SwUzTlGNI2A,Shannon Proksch,Coordination dynamics of multi‑agent interaction in a musical ensemble
GuestStream #021.1,GuestStream,#021.1,4/25/2022,https://youtu.be/_MH7E58zKxY,Adam Safron,A proposal for deflating deflationary accounts of free will; consciousness and the readiness to act
GuestStream #022.1,GuestStream,#022.1,4/26/2022,https://youtu.be/4VApGjFESlE,Anna Lembke,Dopamine Nation
Livestream #042.2,Livestream,#042.2,4/27/2022,https://youtu.be/IXJn-BMsKVw,Tim Verbelen,Robot navigation as hierarchical active inference
Livestream #043.0,Livestream,#043.0,5/2/2022,https://youtu.be/cLe-rBtRXiQ,,Predictive Coding: a Theoretical and Experimental Review
Livestream #043.1,Livestream,#043.1,5/4/2022,https://youtu.be/O4u8PRzk1vY,,Predictive Coding: a Theoretical and Experimental Review
"Parr, Pezzulo, Friston 2022 Textbook Cohort 1 Onboarding","Parr, Pezzulo, Friston 2022 Textbook",Cohort 1 Onboarding,5/5/2022,https://www.youtube.com/watch?v=ogV63M3uTlQ&list=PLNm0u2n1Iwdq74rPEYLx4VwYCI_QiXbEd,,"Textbook Group meeting for Parr, Pezzulo, Friston 2022."
Livestream #043.2,Livestream,#043.2,5/11/2022,https://youtu.be/X0Q6JLDYWJo,,Predictive Coding: a Theoretical and Experimental Review
"Parr, Pezzulo, Friston 2022 Textbook Cohort 1, Chapter 1","Parr, Pezzulo, Friston 2022 Textbook","Cohort 1, Chapter 1",5/12/2022,https://youtu.be/pJy1M1RnirA,,"Textbook Group meeting for Parr, Pezzulo, Friston 2022."
Livestream #044.0,Livestream,#044.0,5/13/2022,https://youtu.be/yNubOHOJeIQ,,Therapeutic Alliance as Active Inference: The Role of Therapeutic Touch and Synchrony
Livestream #044.1,Livestream,#044.1,5/18/2022,https://youtu.be/y1vtKYzVUaY,"Francesco Cerritelli,Jorge E Esteves,Zoe McParlin",Therapeutic Alliance as Active Inference: The Role of Therapeutic Touch and Synchrony
"Parr, Pezzulo, Friston 2022 Textbook Cohort 1, Appendix","Parr, Pezzulo, Friston 2022 Textbook","Cohort 1, Appendix",5/19/2022,https://youtu.be/8OT2EC-l0N4,,"Textbook Group meeting for Parr, Pezzulo, Friston 2022."
Livestream #044.2,Livestream,#044.2,5/25/2022,https://www.youtube.com/watch?v=epoHxFdzFkw,"Jorge E Esteves,Zoe McParlin",Therapeutic Alliance as Active Inference: The Role of Therapeutic Touch and Synchrony
"Parr, Pezzulo, Friston 2022 Textbook Cohort 1, Chapter 2","Parr, Pezzulo, Friston 2022 Textbook","Cohort 1, Chapter 2",5/26/2022,https://www.youtube.com/watch?v=Z7Z29pu6NnY&list=PLNm0u2n1Iwdq74rPEYLx4VwYCI_QiXbEd,,"Textbook Group meeting for Parr, Pezzulo, Friston 2022."
Livestream #045.0,Livestream,#045.0,5/27/2022,https://youtu.be/9MQQKaKEXs0,,The free energy principle made simpler but not too simple
Livestream #045.1,Livestream,#045.1,6/1/2022,https://youtu.be/V0l9fOJgbtc,"Karl J Friston,Thomas Parr",The free energy principle made simpler but not too simple
"Parr, Pezzulo, Friston 2022 Textbook Cohort 1, Chapter 2","Parr, Pezzulo, Friston 2022 Textbook","Cohort 1, Chapter 2",6/2/2022,https://youtu.be/JJaQ0F81Ucs,,"Textbook Group meeting for Parr, Pezzulo, Friston 2022."
Livestream #045.2,Livestream,#045.2,6/8/2022,https://youtu.be/S5-jXzhiG18,"Karl J Friston,Thomas Parr",The free energy principle made simpler but not too simple
"Parr, Pezzulo, Friston 2022 Textbook Cohort 1, Chapter 3","Parr, Pezzulo, Friston 2022 Textbook","Cohort 1, Chapter 3",6/9/2022,https://youtu.be/MXbknE8EZp0,,"Textbook Group meeting for Parr, Pezzulo, Friston 2022."
GuestStream #016.2,GuestStream,#016.2,6/11/2022,https://youtu.be/c0_Vf5_qiWk,Mark Solms,Consciousness as Precision Optimization: Some Physiological and Philosophical Considerations
GuestStream #023.1,GuestStream,#023.1,6/13/2022,https://youtu.be/igY9iyowesc,"Maxwell J D Ramstead,Dalton Sakthivadivel",Rebooting the Free Energy Principle Literature
Livestream #046.0,Livestream,#046.0,6/14/2022,https://youtu.be/skcKoCcAQJI,Ryan Smith,Active inference models do not contradict folk psychology
Livestream #046.1,Livestream,#046.1,6/15/2022,https://youtu.be/JPsdk7pVa1I,Alex Kiefer,Active inference models do not contradict folk psychology
"Parr, Pezzulo, Friston 2022 Textbook Cohort 1, Chapter 3","Parr, Pezzulo, Friston 2022 Textbook","Cohort 1, Chapter 3",6/16/2022,https://youtu.be/AKeKLERgmQA,,"Textbook Group meeting for Parr, Pezzulo, Friston 2022."
Livestream #046.2,Livestream,#046.2,6/22/2022,https://youtu.be/7_YNInrALU8,,Active inference models do not contradict folk psychology
"Parr, Pezzulo, Friston 2022 Textbook Cohort 1, Chapter 4","Parr, Pezzulo, Friston 2022 Textbook","Cohort 1, Chapter 4",6/23/2022,https://youtu.be/08iZGLAqI8E,,"Textbook Group meeting for Parr, Pezzulo, Friston 2022."
GuestStream #024.1,GuestStream,#024.1,6/28/2022,https://www.youtube.com/watch?v=tOFA7FODn8w,Stephen Grossberg,Explainable and Reliable AI
Roundtable 2022.2,Roundtable,2022.2,6/29/2022,https://youtu.be/2s27lSZDqGM,,2022 Quarterly Roundtable #2
"Parr, Pezzulo, Friston 2022 Textbook Cohort 1, Chapter 4","Parr, Pezzulo, Friston 2022 Textbook","Cohort 1, Chapter 4",6/30/2022,https://youtu.be/rvwMeZpA91U,,"Textbook Group meeting for Parr, Pezzulo, Friston 2022."
GuestStream #015.2,GuestStream,#015.2,7/5/2022,https://youtu.be/WEfc9X437yY,Bobby Azarian,The Integrated Evolutionary Synthesis: A Unifying Theory of Reality
"Parr, Pezzulo, Friston 2022 Textbook Cohort 1, Chapter 5","Parr, Pezzulo, Friston 2022 Textbook","Cohort 1, Chapter 5",7/7/2022,https://youtu.be/NT30pJ_sb6A,,"Textbook Group meeting for Parr, Pezzulo, Friston 2022."
"Parr, Pezzulo, Friston 2022 Textbook Cohort 1, Chapter 5","Parr, Pezzulo, Friston 2022 Textbook","Cohort 1, Chapter 5",7/14/2022,https://youtu.be/ZATda5W08qY,,"Textbook Group meeting for Parr, Pezzulo, Friston 2022."
"Parr, Pezzulo, Friston 2022 Textbook Cohort 1, Part 1 review & synthesis","Parr, Pezzulo, Friston 2022 Textbook","Cohort 1, Part 1 review & synthesis",7/21/2022,https://youtu.be/kpBrzN8X1ZA,,"Textbook Group meeting for Parr, Pezzulo, Friston 2022."
"Parr, Pezzulo, Friston 2022 Textbook Cohort 1, Feedback & Projects","Parr, Pezzulo, Friston 2022 Textbook","Cohort 1, Feedback & Projects",7/28/2022,https://youtu.be/Cd6rz0HzOe8,,"Textbook Group meeting for Parr, Pezzulo, Friston 2022."
Applied Active Inference Symposium — Robotics 2022,Applied Active Inference Symposium,— Robotics 2022,7/31/2022,https://youtu.be/zm2d9o5n0PU,"Tim Schneider,Tim Verbelen,Ben White,Noor Sajid,Wen-Hua Chen","2nd Applied Active Inference Symposium, part 1"
Applied Active Inference Symposium — Robotics 2022,Applied Active Inference Symposium,— Robotics 2022,7/31/2022,https://youtu.be/dTVHHenms_Y,"Bruno Lara,Matt Brown,Adam Safron,JF Cloutier,Karl J Friston","2nd Applied Active Inference Symposium, part 2"
GuestStream #025.1,GuestStream,#025.1,8/3/2022,https://youtu.be/ZYhrtsyzS_w,Brett Anderson,Autistic-Like Traits and Positive Schizotypy as Diametric Specializations of the Predictive Mind
Livestream #047.0,Livestream,#047.0,8/3/2022,https://youtu.be/WKjqw3My_xM,,"“Enactive-Dynamic Social Cognition and Active Inference”

“Active Inference and Abduction”"
Livestream #047.1,Livestream,#047.1,8/10/2022,https://www.youtube.com/watch?v=1yYFJnf_mHY,,"“Enactive-Dynamic Social Cognition and Active Inference”

“Active Inference and Abduction”"
GuestStream #026.1,GuestStream,#026.1,8/12/2022,https://youtu.be/J7cu4slfIBA,"Dafna Shahaf,Lauren Hebert,Ronen Tamari,William Fischer",From Users to (Sense)Makers: On the Pivotal Role of Stigmergic Social Annotation in the Quest for Collective Sensemaking
Livestream #047.2,Livestream,#047.2,8/17/2022,https://youtu.be/riJYh87FPx4,Majid D Beni,"“Enactive-Dynamic Social Cognition and Active Inference”

“Active Inference and Abduction”"
ModelStream #006.1,ModelStream,#006.1,9/1/2022,https://youtu.be/xBKRLG97cz4,"Theophile Champion ",Branching Time Active Inference: the theory and its generality
"Parr, Pezzulo, Friston 2022 Textbook Cohort 1, Review & Welcome","Parr, Pezzulo, Friston 2022 Textbook","Cohort 1, Review & Welcome",9/2/2022,https://youtu.be/ogvzkg-0qjY,,"Textbook Group meeting for Parr, Pezzulo, Friston 2022."
"Parr, Pezzulo, Friston 2022 Textbook Cohort 2 Onboarding","Parr, Pezzulo, Friston 2022 Textbook",Cohort 2 Onboarding,9/2/2022 2:00 PM,https://youtu.be/Fg3NqmI2R1g,,"Textbook Group meeting for Parr, Pezzulo, Friston 2022."
Livestream #048.0,Livestream,#048.0,9/5/2022,https://youtu.be/zqiZjjY9H7M,,Communication as Socially Extended Active Inference: An Ecological Approach to Communicative Behavior
Livestream #048.1,Livestream,#048.1,9/7/2022,https://youtu.be/nWFM5zrdmG8,Rémi Tison,Communication as Socially Extended Active Inference: An Ecological Approach to Communicative Behavior
"Parr, Pezzulo, Friston 2022 Textbook Cohort 1, Chapter 6","Parr, Pezzulo, Friston 2022 Textbook","Cohort 1, Chapter 6",9/9/2022,https://youtu.be/4q-UYQMMrDg,,"Textbook Group meeting for Parr, Pezzulo, Friston 2022."
"Parr, Pezzulo, Friston 2022 Textbook Cohort 2, Chapter 1","Parr, Pezzulo, Friston 2022 Textbook","Cohort 2, Chapter 1",9/9/2022 2:00 PM,https://youtu.be/tIjKJ8RAPfA,,"Textbook Group meeting for Parr, Pezzulo, Friston 2022."
MathStream #004.1,MathStream,#004.1,9/13/2022,https://youtu.be/aN1GXOZp6xY,David Spivak,Category Theory
GuestStream #027.1,GuestStream,#027.1,9/13/2022,https://youtu.be/Pw2vxMRxF5o,John Vervaeke,John Vervaeke
Livestream #048.2,Livestream,#048.2,9/14/2022,https://youtu.be/hIIyYu2C-SI,Rémi Tison,Communication as Socially Extended Active Inference: An Ecological Approach to Communicative Behavior
Twitter Spaces #002.1,Twitter Spaces,#002.1,9/14/2022,https://youtu.be/Sb8A0jNzWPE,,Can Web3 survive without cognitive modeling?
"Parr, Pezzulo, Friston 2022 Textbook Cohort 1, Chapter 6","Parr, Pezzulo, Friston 2022 Textbook","Cohort 1, Chapter 6",9/16/2022,https://youtu.be/8DlXH6Wk_h8,,"Textbook Group meeting for Parr, Pezzulo, Friston 2022."
"Parr, Pezzulo, Friston 2022 Textbook Cohort 2, Chapter 1","Parr, Pezzulo, Friston 2022 Textbook","Cohort 2, Chapter 1",9/16/2022 2:00 PM,https://youtu.be/r9Oa35eVI8c,,"Textbook Group meeting for Parr, Pezzulo, Friston 2022."
"Parr, Pezzulo, Friston 2022 Textbook Cohort 1, Chapter 7","Parr, Pezzulo, Friston 2022 Textbook","Cohort 1, Chapter 7",9/23/2022,https://youtu.be/8HKcr0bOLG4,,"Textbook Group meeting for Parr, Pezzulo, Friston 2022."
"Parr, Pezzulo, Friston 2022 Textbook Cohort 2, Chapter 2","Parr, Pezzulo, Friston 2022 Textbook","Cohort 2, Chapter 2",9/23/2022 2:00 PM,https://youtu.be/WPYR76Pfzuc,,"Textbook Group meeting for Parr, Pezzulo, Friston 2022."
Roundtable 2022.3,Roundtable,2022.3,9/28/2022,https://youtu.be/DJ9n6a8mMzM,,2022 Quarterly Roundtable #3
Livestream #049.0,Livestream,#049.0,9/30/2022,https://youtu.be/OtX2Fpzn7KA,,A Worked Example of the Bayesian Mechanics of Classical Objects
"Parr, Pezzulo, Friston 2022 Textbook Cohort 1, Chapter 7","Parr, Pezzulo, Friston 2022 Textbook","Cohort 1, Chapter 7",9/30/2022,https://youtu.be/wNrcVOKwpOY,,"Textbook Group meeting for Parr, Pezzulo, Friston 2022."
"Parr, Pezzulo, Friston 2022 Textbook Cohort 2, Chapter 2","Parr, Pezzulo, Friston 2022 Textbook","Cohort 2, Chapter 2",9/30/2022 2:00 PM,https://youtu.be/mGlgngiIH40,,"Textbook Group meeting for Parr, Pezzulo, Friston 2022."
Livestream #049.1,Livestream,#049.1,10/5/2022,https://youtu.be/dAtC-Enmc8M,Dalton Sakthivadivel,A Worked Example of the Bayesian Mechanics of Classical Objects
"Parr, Pezzulo, Friston 2022 Textbook Cohort 1, Chapter 8","Parr, Pezzulo, Friston 2022 Textbook","Cohort 1, Chapter 8",10/7/2022,https://youtu.be/dLWepm5noE8,,"Textbook Group meeting for Parr, Pezzulo, Friston 2022."
"Parr, Pezzulo, Friston 2022 Textbook Cohort 2, Chapter 3","Parr, Pezzulo, Friston 2022 Textbook","Cohort 2, Chapter 3",10/7/2022 2:00 PM,https://youtu.be/cULb4SvpD34,,"Textbook Group meeting for Parr, Pezzulo, Friston 2022."
Livestream #049.2,Livestream,#049.2,10/12/2022,https://youtu.be/2SuBJBEg9LI,Dalton Sakthivadivel,A Worked Example of the Bayesian Mechanics of Classical Objects
GuestStream #029.1,GuestStream,#029.1,10/14/2022,https://youtu.be/UuXAjY9Wgdg,Shanna Dobson,"Making Up Our Minds: Imaginative Deconstruction in MathArt, 1920 – Present"
GuestStream #028.1,GuestStream,#028.1,10/14/2022,https://youtu.be/KqiLO9Dfj-4,"Giovanni Rolla ",Reconceiving rationality: situating rationality into radically enactive cognition
"Parr, Pezzulo, Friston 2022 Textbook Cohort 1, Chapter 8","Parr, Pezzulo, Friston 2022 Textbook","Cohort 1, Chapter 8",10/14/2022,https://youtu.be/QvAApEfYBmk,,"Textbook Group meeting for Parr, Pezzulo, Friston 2022."
Livestream #050.0,Livestream,#050.0,10/17/2022,https://youtu.be/l7r0ISlr-Hc,,"Interoception as modeling, allostasis as control"
GuestStream #030.1,GuestStream,#030.1,10/17/2022,https://youtu.be/QUBmgn7K_4E,Kyrtin Atreides,The Human Governance Problem: Complex Systems and the Limits of Human Cognition
Livestream #050.1,Livestream,#050.1,10/20/2022,https://youtu.be/tGd-mgSdbio,"Eli Sennesh,Jordan Theriault","Interoception as modeling, allostasis as control"
"Parr, Pezzulo, Friston 2022 Textbook Cohort 1, Chapter 9","Parr, Pezzulo, Friston 2022 Textbook","Cohort 1, Chapter 9",10/21/2022,https://youtu.be/HCuGxvefPOE,,"Textbook Group meeting for Parr, Pezzulo, Friston 2022."
"Parr, Pezzulo, Friston 2022 Textbook Cohort 2, Chapter 4","Parr, Pezzulo, Friston 2022 Textbook","Cohort 2, Chapter 4",10/21/2022 2:00 PM,https://youtu.be/s8gjDh7sin4,,"Textbook Group meeting for Parr, Pezzulo, Friston 2022."
Livestream #051.0,Livestream,#051.0,10/26/2022,https://youtu.be/ZASG-rtkXDk,,Canonical neural networks perform active inference
"Parr, Pezzulo, Friston 2022 Textbook Cohort 1, Chapter 9","Parr, Pezzulo, Friston 2022 Textbook","Cohort 1, Chapter 9",10/28/2022,https://youtu.be/GYBF_c-ajgI,,"Textbook Group meeting for Parr, Pezzulo, Friston 2022."
"Parr, Pezzulo, Friston 2022 Textbook Cohort 2, Chapter 4","Parr, Pezzulo, Friston 2022 Textbook","Cohort 2, Chapter 4",10/28/2022 7:00 AM,https://youtu.be/_cmYWZ8X4J4,,"Textbook Group meeting for Parr, Pezzulo, Friston 2022."
Livestream #051.1,Livestream,#051.1,11/2/2022,https://youtu.be/IM_NlUzyq8M,Takuya Isomura,Canonical neural networks perform active inference
Livestream #050.2,Livestream,#050.2,11/3/2022,https://youtu.be/4o-LmkycAC0,"Eli Sennesh,Jordan Theriault","Interoception as modeling, allostasis as control"
OrgStream #003.1,OrgStream,#003.1,11/3/2022,https://youtu.be/OwGNVmQIO9E,Bijan Khezri,Governing Continuous Transformation: Re-framing the Strategy-Governance Conversation
"Parr, Pezzulo, Friston 2022 Textbook Cohort 1, Chapter 10","Parr, Pezzulo, Friston 2022 Textbook","Cohort 1, Chapter 10",11/4/2022,https://youtu.be/7Ti-r8f15So,,"Textbook Group meeting for Parr, Pezzulo, Friston 2022."
"Parr, Pezzulo, Friston 2022 Textbook Cohort 2, Chapter 5","Parr, Pezzulo, Friston 2022 Textbook","Cohort 2, Chapter 5",11/4/2022 6:00 AM,https://youtu.be/7bKXo3caFH8,,"Textbook Group meeting for Parr, Pezzulo, Friston 2022."
Livestream #051.2,Livestream,#051.2,11/9/2022,https://youtu.be/hY_CajLpt9Q,Takuya Isomura,Canonical neural networks perform active inference
"Parr, Pezzulo, Friston 2022 Textbook Cohort 1, Chapter 10","Parr, Pezzulo, Friston 2022 Textbook","Cohort 1, Chapter 10",11/11/2022,https://youtu.be/DrNJfmf_IdA,,"Textbook Group meeting for Parr, Pezzulo, Friston 2022."
"Parr, Pezzulo, Friston 2022 Textbook Cohort 2, Chapter 5","Parr, Pezzulo, Friston 2022 Textbook","Cohort 2, Chapter 5",11/11/2022 6:00 AM,https://youtu.be/zE3ESd6vy9I,,"Textbook Group meeting for Parr, Pezzulo, Friston 2022."
ModelStream #007.1,ModelStream,#007.1,11/15/2022,https://youtu.be/skf3sOM-7WI,"Conor Heins,Daphne Demekas",pymdp
BookStream #001.01,BookStream,#001.01,12/6/2022,https://youtu.be/thO3nsvgego,,Governing Continuous Transformation: Re-framing the Strategy- Governance Conversation
GuestStream #031.1,GuestStream,#031.1,12/7/2022,https://youtu.be/57-aRIjUrC4,"Brett Kagan,Adeel Razi",Free Energy Principle & Active Inference in Synthetic Biological Intelligence: Existing Evidence & Current Challenges
BookStream #001.02,BookStream,#001.02,12/13/2022,https://youtu.be/d8c0iFU8vms,,Governing Continuous Transformation: Re-framing the Strategy-Governance Conversation
Roundtable 2022.4,Roundtable,2022.4,12/14/2022,https://youtu.be/W0637hJm_D4,,2022 Quarterly Roundtable #4
BookStream #001.03,BookStream,#001.03,12/27/2022,https://youtu.be/rCmq0TVGpW0,,Governing Continuous Transformation: Re-framing the Strategy-Governance Conversation
ReviewStream 2022,ReviewStream,2022,12/31/2022,https://youtu.be/4IL6KtlCn_o,"Dean Tickles,Daniel Friedman",2022 Active Inference Livestream Review
BookStream #001.04,BookStream,#001.04,1/3/2023,https://youtu.be/BPzwSTalH5E,,Governing Continuous Transformation: Re-framing the Strategy-Governance Conversation
GuestStream #032.1,GuestStream,#032.1,1/10/2023,https://youtu.be/0pMxBM3ahwQ,Adam Pease,A Neuro-Symbolic Approach to Language Understanding: Using an Ontology to Create A Language Model
BookStream #001.1,BookStream,#001.1,1/11/2023,https://youtu.be/FB_93-zDqNo,Bijan Khezri,Governing Continuous Transformation: Re-framing the Strategy-Governance Conversation
GuestStream #033.1,GuestStream,#033.1,1/17/2023,https://youtu.be/zICcGukKbAA,"Alireza Modirshanechi ",A taxonomy of surprise definitions
BookStream #001.06,BookStream,#001.06,1/17/2023,https://youtu.be/0P_6ME2LpCw,,Governing Continuous Transformation: Re-framing the Strategy-Governance Conversation
ModelStream #007.2,ModelStream,#007.2,1/18/2023,https://youtu.be/uX8iSoDR83g,"Conor Heins,Karl J Friston",pymdp
GuestStream #034.1,GuestStream,#034.1,1/23/2023,https://youtu.be/9IPx38SHGqw,Avel Guénin-Carlut,Physics of Creation - Can the Free Energy Principle ground the construction of physical statespaces?
GuestStream #035.1,GuestStream,#035.1,1/24/2023,https://youtu.be/tbHZC6D39C4,"Matthew Pirkowski,Jordan Hall",Jordan Hall & Matthew Pirkowski
BookStream #001.07,BookStream,#001.07,1/24/2023,https://youtu.be/0_yvUA0lsdI,,Governing Continuous Transformation: Re-framing the Strategy-Governance Conversation
"Parr, Pezzulo, Friston 2022 Textbook Cohort 2, Chapter 6","Parr, Pezzulo, Friston 2022 Textbook","Cohort 2, Chapter 6",1/25/2023 3:00 PM,https://youtu.be/sOo0Ti6-U54,,"Textbook Group meeting for Parr, Pezzulo, Friston 2022."
"Parr, Pezzulo, Friston 2022 Textbook Cohort 3 Onboarding","Parr, Pezzulo, Friston 2022 Textbook",Cohort 3 Onboarding,1/25/2023 4:00 PM,https://youtu.be/G9GfOMjF4g0,,"Textbook Group meeting for Parr, Pezzulo, Friston 2022."
ModelStream #008.1,ModelStream,#008.1,1/27/2023,https://youtu.be/Fh1e4sKh3Vs,Tom Ringstrom,Reward is Not Necessary: A Compositional Theory of Self-Preserving Agents with Empowerment Gain Maximization
BookStream #001.08,BookStream,#001.08,1/31/2023,https://youtu.be/yNZg5b63hb8,,Governing Continuous Transformation: Re-framing the Strategy-Governance Conversation
"Parr, Pezzulo, Friston 2022 Textbook Cohort 2, Chapter 6","Parr, Pezzulo, Friston 2022 Textbook","Cohort 2, Chapter 6",2/1/2023 3:00 PM,https://youtu.be/Jwu2UJi5xNA,,"Textbook Group meeting for Parr, Pezzulo, Friston 2022."
"Parr, Pezzulo, Friston 2022 Textbook Cohort 3, Chapter 1","Parr, Pezzulo, Friston 2022 Textbook","Cohort 3, Chapter 1",2/1/2023 4:00 PM,https://youtu.be/HyKS1A0Ga8s,,"Textbook Group meeting for Parr, Pezzulo, Friston 2022."
BookStream #001.09,BookStream,#001.09,2/7/2023,https://youtu.be/3oFfxaKBBXY,,Governing Continuous Transformation: Re-framing the Strategy-Governance Conversation
"Parr, Pezzulo, Friston 2022 Textbook Cohort 2, Chapter 7","Parr, Pezzulo, Friston 2022 Textbook","Cohort 2, Chapter 7",2/8/2023 3:00 PM,https://youtu.be/GhUTj0OVEU8,,"Textbook Group meeting for Parr, Pezzulo, Friston 2022."
"Parr, Pezzulo, Friston 2022 Textbook Cohort 3, Chapter 1","Parr, Pezzulo, Friston 2022 Textbook","Cohort 3, Chapter 1",2/8/2023 4:00 PM,https://youtu.be/awqzJPntNz4,,"Textbook Group meeting for Parr, Pezzulo, Friston 2022."
GuestStream #036.1,GuestStream,#036.1,2/9/2023,https://www.youtube.com/watch?v=j5FVxPubslo,J Benjamin Falandays,A Potential Mechanism for Gibsonian Resonance: Behavioral Entrainment Emerges from Local Homeostasis in an Unsupervised Reservoir Network
BookStream #001.2,BookStream,#001.2,2/15/2023,https://www.youtube.com/watch?v=DQhPABvJBFk,Bijan Khezri,Governing Continuous Transformation: Re-framing the Strategy-Governance Conversation
"Parr, Pezzulo, Friston 2022 Textbook Cohort 2, Chapter 7","Parr, Pezzulo, Friston 2022 Textbook","Cohort 2, Chapter 7",2/15/2023 3:00 PM,https://youtu.be/W4lIy05RycM,,"Textbook Group meeting for Parr, Pezzulo, Friston 2022."
"Parr, Pezzulo, Friston 2022 Textbook Cohort 3, Chapter 2","Parr, Pezzulo, Friston 2022 Textbook","Cohort 3, Chapter 2",2/15/2023 4:00 PM,https://youtu.be/wFjXz896pKU,,"Textbook Group meeting for Parr, Pezzulo, Friston 2022."
"Parr, Pezzulo, Friston 2022 Textbook Cohort 2, Chapter 8","Parr, Pezzulo, Friston 2022 Textbook","Cohort 2, Chapter 8",2/22/2023 3:00 PM,https://youtu.be/mNw1JOM71Os,,"Textbook Group meeting for Parr, Pezzulo, Friston 2022."
"Parr, Pezzulo, Friston 2022 Textbook Cohort 3, Chapter 2","Parr, Pezzulo, Friston 2022 Textbook","Cohort 3, Chapter 2",2/22/2023 4:00 PM,https://youtu.be/MJXyGtYuK1U,,"Textbook Group meeting for Parr, Pezzulo, Friston 2022."
BookStream #002.1,BookStream,#002.1,2/27/2023,https://www.youtube.com/watch?v=xlrZ00NQNHo,Thomas Parr,"Active Inference: The Free Energy Principle in Mind, Brain, and Behavior"
GuestStream #037.1,GuestStream,#037.1,2/28/2023,https://www.youtube.com/watch?v=xwybWzLFXGY,Baba Brinkman,Baba Brinkman
Livestream #052.0,Livestream,#052.0,3/1/2023,https://www.youtube.com/watch?v=LPj_ok8Pxxw,,"Geometric Methods for Sampling, Optimisation, Inference and Adaptive Agents"
"Parr, Pezzulo, Friston 2022 Textbook Cohort 2, Chapter 8","Parr, Pezzulo, Friston 2022 Textbook","Cohort 2, Chapter 8",3/1/2023 3:00 PM,https://youtu.be/3GJS1uVnQo4,,"Textbook Group meeting for Parr, Pezzulo, Friston 2022."
"Parr, Pezzulo, Friston 2022 Textbook Cohort 3, Chapter 3","Parr, Pezzulo, Friston 2022 Textbook","Cohort 3, Chapter 3",3/1/2023 4:00 PM,https://youtu.be/lMsOOXaM2-E,,"Textbook Group meeting for Parr, Pezzulo, Friston 2022."
Livestream #052.1,Livestream,#052.1,3/2/2023,https://www.youtube.com/watch?v=00O1QK9FWh8,Lancelot Da Costa,"Geometric Methods for Sampling, Optimisation, Inference and Adaptive Agents"
"Parr, Pezzulo, Friston 2022 Textbook Cohort 2, Chapter 9","Parr, Pezzulo, Friston 2022 Textbook","Cohort 2, Chapter 9",3/8/2023 3:00 PM,https://youtu.be/QjGcN1l6NXg,,"Textbook Group meeting for Parr, Pezzulo, Friston 2022."
"Parr, Pezzulo, Friston 2022 Textbook Cohort 3, Chapter 3","Parr, Pezzulo, Friston 2022 Textbook","Cohort 3, Chapter 3",3/8/2023 4:00 PM,https://youtu.be/0zUYswqn8aI,,"Textbook Group meeting for Parr, Pezzulo, Friston 2022."
Livestream #052.2,Livestream,#052.2,3/9/2023,https://www.youtube.com/watch?v=RO3XVXqvAII,Lancelot Da Costa,"Geometric Methods for Sampling, Optimisation, Inference and Adaptive Agents"
GuestStream #038.1,GuestStream,#038.1,3/9/2023,https://www.youtube.com/watch?v=mrFZwfYuthk,Max Berg,Oversampled and undersolved. (Depressive) Rumination from an active inference perspective.
BookStream #001.010,BookStream,#001.010,3/14/2023,https://www.youtube.com/watch?v=eIZjx0miM9o,,Governing Continuous Transformation: Re-framing the Strategy-Governance Conversation
"Parr, Pezzulo, Friston 2022 Textbook Cohort 2, Chapter 9","Parr, Pezzulo, Friston 2022 Textbook","Cohort 2, Chapter 9",3/15/2023 3:00 PM,https://youtu.be/e9Yoha7yhk8,,"Textbook Group meeting for Parr, Pezzulo, Friston 2022."
"Parr, Pezzulo, Friston 2022 Textbook Cohort 3, Chapter 4","Parr, Pezzulo, Friston 2022 Textbook","Cohort 3, Chapter 4",3/15/2023 4:00 PM,https://youtu.be/JEz3du5S1os,,"Textbook Group meeting for Parr, Pezzulo, Friston 2022."
GuestStream #039.1,GuestStream,#039.1,3/16/2023,https://www.youtube.com/watch?v=jXEJO_5g0ho,"Xu Ji,Eric Elmoznino,Guillaume Dumas",Sources of Richness and Ineffability for Phenomenally Conscious States
Livestream #053.0,Livestream,#053.0,3/17/2023,https://youtu.be/c7ybFyP9KrI,,Snakes and Ladders in Paleoanthropology & To copy or not to copy…
"Parr, Pezzulo, Friston 2022 Textbook Cohort 2, Chapter 10","Parr, Pezzulo, Friston 2022 Textbook","Cohort 2, Chapter 10",3/22/2023 3:00 PM,https://youtu.be/YQ1galAHOIw,,"Textbook Group meeting for Parr, Pezzulo, Friston 2022."
"Parr, Pezzulo, Friston 2022 Textbook Cohort 3, Chapter 4","Parr, Pezzulo, Friston 2022 Textbook","Cohort 3, Chapter 4",3/22/2023 4:00 PM,https://youtu.be/Nak508NmYYA,,"Textbook Group meeting for Parr, Pezzulo, Friston 2022."
Livestream #053.1,Livestream,#053.1,3/23/2023,https://www.youtube.com/watch?v=iHgxmn0ockg,"Michael Walker,Héctor Manrique,Karl J Friston",Snakes and Ladders in Paleoanthropology & To copy or not to copy…
BookStream #001.012,BookStream,#001.012,3/28/2023,https://www.youtube.com/watch?v=5IGzzm28qec,,Governing Continuous Transformation: Re-framing the Strategy-Governance Conversation
GuestStream #040.1,GuestStream,#040.1,3/29/2023,https://www.youtube.com/watch?v=eZDSNPFS0Fs,Wanja Wiese,Could large language models be conscious? A perspective from the free energy principle
"Parr, Pezzulo, Friston 2022 Textbook Cohort 2, Chapter 10","Parr, Pezzulo, Friston 2022 Textbook","Cohort 2, Chapter 10",3/29/2023 3:00 PM,https://youtu.be/On8-Ngn8pIE,,"Textbook Group meeting for Parr, Pezzulo, Friston 2022."
"Parr, Pezzulo, Friston 2022 Textbook Cohort 3, Chapter 5","Parr, Pezzulo, Friston 2022 Textbook","Cohort 3, Chapter 5",3/29/2023 4:00 PM,https://youtu.be/l6aGBYmFGCc,,"Textbook Group meeting for Parr, Pezzulo, Friston 2022."
Livestream #053.2,Livestream,#053.2,3/30/2023,https://youtu.be/L6dhr5hUu8o,"Michael Walker,Héctor Manrique,Karl J Friston",Snakes and Ladders in Paleoanthropology & To copy or not to copy…
Roundtable 2023.1,Roundtable,2023.1,3/31/2023,https://www.youtube.com/watch?v=XYMPAAynUu8,,2023 Quarterly Roundtable #1
OrgStream #004.1,OrgStream,#004.1,3/31/2023,https://www.youtube.com/watch?v=xXAllRLtyoc,Shrey Jain,Plural Publics
"Parr, Pezzulo, Friston 2022 Textbook Cohort 2, Chapter 6 Welcome back","Parr, Pezzulo, Friston 2022 Textbook","Cohort 2, Chapter 6 Welcome back",4/5/2023 3:00 PM,https://youtu.be/1-2-DNekZdM,,"Textbook Group meeting for Parr, Pezzulo, Friston 2022."
"Parr, Pezzulo, Friston 2022 Textbook Cohort 3, Chapter 5","Parr, Pezzulo, Friston 2022 Textbook","Cohort 3, Chapter 5",4/5/2023 4:00 PM,https://youtu.be/Ui8SwfQDhmA,,"Textbook Group meeting for Parr, Pezzulo, Friston 2022."
GuestStream #041.1,GuestStream,#041.1,4/25/2023,https://www.youtube.com/watch?v=EEyVd9d3D5U,"Elliot Murphy,Steven T. Piantadosi ",A conversation on Chomsky and Large Language Models
GuestStream #042.1,GuestStream,#042.1,5/10/2023,https://www.youtube.com/watch?v=6bZYptbETAw,"Juan Diego Bogotá,Zakaria Djebbara",Time-consciousness in computational phenomenology: a temporal analysis of active inference
GuestStream #043.1,GuestStream,#043.1,5/11/2023,https://www.youtube.com/watch?v=ChO1u1mJRGE,Tom Froese,Irruption Theory: A Novel Conceptualization of the Enactive Account of Motivated Activity
Chris Fields ~ Physics As Information Processing ~ 2023 Lecture 1,Chris Fields ~ Physics As Information Processing ~ 2023,Lecture 1,5/18/2023,https://www.youtube.com/watch?v=RpOrRw4EhTo&list=PLNm0u2n1Iwdq0UnnnnkUr446lUz00x6E7,Chris Fields,Lecture 1 — Course information
BookStream #002.01,BookStream,#002.01,5/22/2023,https://www.youtube.com/watch?v=FV7pW4p60VI,,"Parr, Pezzulo, Friston 2022 ~ Chapter 1, 2, 3, 6 overview"
GuestStream #015.3,GuestStream,#015.3,6/1/2023,https://www.youtube.com/watch?v=S-tFHIqtbSI,Bobby Azarian,The Teleological Stance: The Free Energy Principle as a Basis for a Scientific Self-Help System
Livestream #054.0,Livestream,#054.0,6/1/2023,https://www.youtube.com/watch?v=HK9ZkbxieLY,,Mathematical Foundations for a Compositional Account of the Bayesian Brain
Chris Fields ~ Physics As Information Processing ~ 2023 Discussion 1,Chris Fields ~ Physics As Information Processing ~ 2023,Discussion 1,6/3/2023,https://www.youtube.com/watch?v=rOoTkgLI1Z8&list=PLNm0u2n1Iwdq0UnnnnkUr446lUz00x6E7,Ander Aguirre,Discussion 1 — Course information
"Parr, Pezzulo, Friston 2022 Textbook Cohort 4 Onboarding","Parr, Pezzulo, Friston 2022 Textbook",Cohort 4 Onboarding,6/6/2023 1:00 PM,https://youtu.be/3U8AXcIaUFI,,"Textbook Group meeting for Parr, Pezzulo, Friston 2022."
Livestream #054.1,Livestream,#054.1,6/7/2023,https://www.youtube.com/watch?v=fzFDvJhrn0U,Toby St Clere Smithe,Mathematical Foundations for a Compositional Account of the Bayesian Brain
GuestStream #044.1,GuestStream,#044.1,6/13/2023,https://www.youtube.com/watch?v=FymR0rKdLZo,"Naotsugu Tsuchiya,Hayato Saigo",Using category theory to assess the relationship between consciousness and integrated information theory
"Parr, Pezzulo, Friston 2022 Textbook Cohort 3, Chapter 6","Parr, Pezzulo, Friston 2022 Textbook","Cohort 3, Chapter 6",6/13/2023 1:00 PM,https://youtu.be/wI9O5B2m3xM,,"Textbook Group meeting for Parr, Pezzulo, Friston 2022."
Chris Fields ~ Physics As Information Processing ~ 2023 Lecture 2,Chris Fields ~ Physics As Information Processing ~ 2023,Lecture 2,6/15/2023,https://www.youtube.com/watch?v=WkWIqpxWRM4&list=PLNm0u2n1Iwdq0UnnnnkUr446lUz00x6E7,Chris Fields,Lecture 2 — Course information
Livestream #054.2,Livestream,#054.2,6/15/2023,https://www.youtube.com/watch?v=GfImcptiLsY,Toby St Clere Smithe,Mathematical Foundations for a Compositional Account of the Bayesian Brain
GuestStream #045.1,GuestStream,#045.1,6/19/2023,https://www.youtube.com/watch?v=y0Jyj6LAb8g,"Maxwell J D Ramstead,Mahault Albarracin",The inner screen model of consciousness: applying the free energy principle directly to the study of conscious experience
"Parr, Pezzulo, Friston 2022 Textbook Cohort 4, Chapter 1 part 1","Parr, Pezzulo, Friston 2022 Textbook","Cohort 4, Chapter 1 part 1",6/20/2023 1:00 PM,https://youtu.be/F6-0JpsrzFA,,"Textbook Group meeting for Parr, Pezzulo, Friston 2022."
"Parr, Pezzulo, Friston 2022 Textbook Cohort 3, Chapter 6","Parr, Pezzulo, Friston 2022 Textbook","Cohort 3, Chapter 6",6/20/2023 10:00 PM,https://youtu.be/5F8kbj05KHU,,"Textbook Group meeting for Parr, Pezzulo, Friston 2022."
GuestStream #046.1,GuestStream,#046.1,6/23/2023,https://www.youtube.com/watch?v=dUW8cD8XUec,Denise Holt,Active Inference AI & the Spatial Web
"Parr, Pezzulo, Friston 2022 Textbook Cohort 3, Chapter 7","Parr, Pezzulo, Friston 2022 Textbook","Cohort 3, Chapter 7",6/27/2023 1:00 PM,https://youtu.be/ych0eX3C3YY,,"Textbook Group meeting for Parr, Pezzulo, Friston 2022."
"Parr, Pezzulo, Friston 2022 Textbook Cohort 4, Chapter 1 part 2","Parr, Pezzulo, Friston 2022 Textbook","Cohort 4, Chapter 1 part 2",6/27/2023 10:00 PM,https://youtu.be/ceHICB7bm_c,,"Textbook Group meeting for Parr, Pezzulo, Friston 2022."
Roundtable 2023.2,Roundtable,2023.2,6/30/2023,https://www.youtube.com/watch?v=aJ9Py86ZFjU,,2023 Quarterly Roundtable #2
Chris Fields ~ Physics As Information Processing ~ 2023 Discussion 2,Chris Fields ~ Physics As Information Processing ~ 2023,Discussion 2,7/1/2023,https://www.youtube.com/watch?v=hSj7eOYuZe4&list=PLNm0u2n1Iwdq0UnnnnkUr446lUz00x6E7&,"Ander Aguirre,Chris Fields",Discussion 2 — Course information
"Parr, Pezzulo, Friston 2022 Textbook Cohort 4, Chapter 2 part 1","Parr, Pezzulo, Friston 2022 Textbook","Cohort 4, Chapter 2 part 1",7/4/2023 1:00 PM,https://youtu.be/k7nySEbMQDI,,"Textbook Group meeting for Parr, Pezzulo, Friston 2022."
"Parr, Pezzulo, Friston 2022 Textbook Cohort 3, Chapter 7","Parr, Pezzulo, Friston 2022 Textbook","Cohort 3, Chapter 7",7/4/2023 10:00 PM,https://youtu.be/Q5G-5FgTCFQ,,"Textbook Group meeting for Parr, Pezzulo, Friston 2022."
Active Inference for the Social Sciences — Introduction Lecture,Active Inference for the Social Sciences,— Introduction Lecture,7/7/2023,https://www.youtube.com/watch?v=JkORFoyk8o8&list=PLNm0u2n1IwdoE8kkRwf1B6o4qhrbVcyFw,Avel Guénin-Carlut,Introduction (Lecture) — Course home
GuestStream #047.1,GuestStream,#047.1,7/10/2023,https://www.youtube.com/watch?v=O6adLcDhOYU,Samuel C. Bellini-Leite,The Predicting and Reflecting Framework for Dual Process Theory of Reasoning and Large Language Models.
Active Inference for the Social Sciences — Basics of ActInf (Lecture),Active Inference for the Social Sciences,— Basics of ActInf (Lecture),7/11/2023,https://www.youtube.com/watch?v=BNLnbOFdgc0&list=PLNm0u2n1IwdoE8kkRwf1B6o4qhrbVcyFw&,Ben White,Basics of ActInf (Lecture) — Course home
"Parr, Pezzulo, Friston 2022 Textbook Cohort 3, Chapter 8","Parr, Pezzulo, Friston 2022 Textbook","Cohort 3, Chapter 8",7/11/2023 1:00 PM,https://youtu.be/4ZffpVN-Pe4,,"Textbook Group meeting for Parr, Pezzulo, Friston 2022."
"Parr, Pezzulo, Friston 2022 Textbook Cohort 4, Chapter 2 part 2","Parr, Pezzulo, Friston 2022 Textbook","Cohort 4, Chapter 2 part 2",7/11/2023 10:00 PM,https://youtu.be/QdyHzs1Slec,,"Textbook Group meeting for Parr, Pezzulo, Friston 2022."
Chris Fields ~ Physics As Information Processing ~ 2023 Lecture 3,Chris Fields ~ Physics As Information Processing ~ 2023,Lecture 3,7/13/2023,https://www.youtube.com/watch?v=TOZp_XNYijQ&list=PLNm0u2n1Iwdq0UnnnnkUr446lUz00x6E7&,Chris Fields,Lecture 3 — Course information
ModelStream #009.1,ModelStream,#009.1,7/15/2023,https://www.youtube.com/watch?v=CEKWhxnH3-E,Aswin Paul,On efficient computation in active inference
MathStream #005.1,MathStream,#005.1,7/17/2023,https://www.youtube.com/watch?v=QqEp4jtaQ2E,Cristian Bodnar,"Topological Deep Learning: Graphs, Complexes, Sheaves"
"Parr, Pezzulo, Friston 2022 Textbook Cohort 4, Chapter 3 part 1","Parr, Pezzulo, Friston 2022 Textbook","Cohort 4, Chapter 3 part 1",7/18/2023 1:00 PM,https://youtu.be/MIcDVLoElk8,,"Textbook Group meeting for Parr, Pezzulo, Friston 2022."
"Parr, Pezzulo, Friston 2022 Textbook Cohort 3, Chapter 8","Parr, Pezzulo, Friston 2022 Textbook","Cohort 3, Chapter 8",7/18/2023 10:00 PM,https://youtu.be/6w-2IBLM6KU,,"Textbook Group meeting for Parr, Pezzulo, Friston 2022."
GuestStream #048.1,GuestStream,#048.1,7/19/2023,https://www.youtube.com/watch?v=aFwuucck7a8,"Adam Safron,Arthur Juliani",Deep CANALs: A Deep Learning Approach to Refining the Canalization Theory of Psychopathology
Active Inference for the Social Sciences — Basics of ActInf (Discussion),Active Inference for the Social Sciences,— Basics of ActInf (Discussion),7/25/2023,https://www.youtube.com/watch?v=u6taX0npOY8&list=PLNm0u2n1IwdoE8kkRwf1B6o4qhrbVcyFw&,Ben White,Basics of ActInf (Discussion) — Course home
"Parr, Pezzulo, Friston 2022 Textbook Cohort 3, Chapter 9","Parr, Pezzulo, Friston 2022 Textbook","Cohort 3, Chapter 9",7/25/2023 1:00 PM,https://youtu.be/F-kYst2mxTQ,,"Textbook Group meeting for Parr, Pezzulo, Friston 2022."
"Parr, Pezzulo, Friston 2022 Textbook Cohort 4, Chapter 3 part 2","Parr, Pezzulo, Friston 2022 Textbook","Cohort 4, Chapter 3 part 2",7/25/2023 10:00 PM,https://youtu.be/BKgKVl_soZA,,"Textbook Group meeting for Parr, Pezzulo, Friston 2022."
GuestStream #049.1,GuestStream,#049.1,7/26/2023,https://www.youtube.com/watch?v=dUXfgzKHV1c,Megan Peters,"Clickbait, consciousness science, and responsible journalism"
GuestStream #050.1,GuestStream,#050.1,7/27/2023,https://www.youtube.com/watch?v=vBk0zZEy59E,"Valeria Becattini,Anna Ciaunica","Selfless Minds, Unlimited Bodies? Homeostatic Bodily Self-Regulation in Meditative Experiences"
BookStream #002.02,BookStream,#002.02,7/28/2023,https://www.youtube.com/watch?v=3_5pTCguAv4,,"Parr, Pezzulo, Friston ~ Chapter 4, 5, 7, 8 overview"
GuestStream #051.1,GuestStream,#051.1,7/28/2023,https://www.youtube.com/watch?v=NOj0mB8I6BI,Tommaso Salvatori,Causal Inference via Predictive Coding
Chris Fields ~ Physics As Information Processing ~ 2023 Discussion 3,Chris Fields ~ Physics As Information Processing ~ 2023,Discussion 3,7/29/2023,https://www.youtube.com/watch?v=hOto96Q8sYQ&list=PLNm0u2n1Iwdq0UnnnnkUr446lUz00x6E7&,Ander Aguirre,Discussion 3 — Course information
"Parr, Pezzulo, Friston 2022 Textbook Cohort 4, Chapter 4 part 1","Parr, Pezzulo, Friston 2022 Textbook","Cohort 4, Chapter 4 part 1",8/1/2023 1:00 PM,https://youtu.be/PKyPg32Lq9A,,"Textbook Group meeting for Parr, Pezzulo, Friston 2022."
"Parr, Pezzulo, Friston 2022 Textbook Cohort 3, Chapter 9","Parr, Pezzulo, Friston 2022 Textbook","Cohort 3, Chapter 9",8/1/2023 10:00 PM,https://youtu.be/QBEOnqGqeRY,,"Textbook Group meeting for Parr, Pezzulo, Friston 2022."
Active Inference for the Social Sciences — Collective Behavior (Lecture),Active Inference for the Social Sciences,— Collective Behavior (Lecture),8/2/2023,https://www.youtube.com/watch?v=ran1M2UmD80&list=PLNm0u2n1IwdoE8kkRwf1B6o4qhrbVcyFw,Daniel Friedman,Collective Behavior (Lecture) — Course home
"Parr, Pezzulo, Friston 2022 Textbook Cohort 3, Chapter 10","Parr, Pezzulo, Friston 2022 Textbook","Cohort 3, Chapter 10",8/8/2023 1:00 PM,https://youtu.be/2UBBVXykuTMz,,"Textbook Group meeting for Parr, Pezzulo, Friston 2022."
"Parr, Pezzulo, Friston 2022 Textbook Cohort 4, Chapter 4 part 2","Parr, Pezzulo, Friston 2022 Textbook","Cohort 4, Chapter 4 part 2",8/8/2023 10:00 PM,https://youtu.be/nsi6IAmt4Zc,,"Textbook Group meeting for Parr, Pezzulo, Friston 2022."
Chris Fields ~ Physics As Information Processing ~ 2023 Lecture 4,Chris Fields ~ Physics As Information Processing ~ 2023,Lecture 4,8/10/2023,https://www.youtube.com/watch?v=k55mAFCIQ60&list=PLNm0u2n1Iwdq0UnnnnkUr446lUz00x6E7&,Chris Fields,Lecture 4 — Course information
GuestStream #052.1,GuestStream,#052.1,8/10/2023,https://www.youtube.com/watch?v=KPeOC9eNDnA,"Ahmed ElSaid,Travis Desell ",Backpropagation-Free 4D Continuous Ant-Based Neural Topology Search
"Parr, Pezzulo, Friston 2022 Textbook Cohort 3, Chapter 10","Parr, Pezzulo, Friston 2022 Textbook","Cohort 3, Chapter 10",8/15/2023,https://youtu.be/0x3TIoZal9Q,,"Textbook Group meeting for Parr, Pezzulo, Friston 2022."
"Parr, Pezzulo, Friston 2022 Textbook Cohort 4, Chapter 5 part 1","Parr, Pezzulo, Friston 2022 Textbook","Cohort 4, Chapter 5 part 1",8/15/2023 1:00 PM,https://youtu.be/q5nQWvYZDrE,,"Textbook Group meeting for Parr, Pezzulo, Friston 2022."
"Active Inference for the Social Sciences — Collective Behavior (Discussion) ",Active Inference for the Social Sciences,"— Collective Behavior (Discussion) ",8/16/2023,https://youtube.com/watch?v=2IxxzY2ZDHA&list=PLNm0u2n1IwdoE8kkRwf1B6o4qhrbVcyFw&,Daniel Friedman,Collective Behavior (Discussion) — Course home
Applied Active Inference Symposium — Enacting Ecosystems 2023,Applied Active Inference Symposium,— Enacting Ecosystems 2023,8/22/2023,https://www.youtube.com/watch?v=PVeyvHSAwmk,"Keith Duggar,Sanjeev Namjoshi,Inês Hipólito,Aswin Paul,Takuya Isomura,Shanna Dobson,Nynke Boiten,André Bastos","3rd Applied Active Inference Symposium “Enacting Ecosystems of Shared Intelligence”, part 2"
Applied Active Inference Symposium — Enacting Ecosystems 2023,Applied Active Inference Symposium,— Enacting Ecosystems 2023,8/22/2023,https://www.youtube.com/watch?v=rIemcswLfGg,"JF Cloutier,Conor Heins,Bert de Vries,Dmitry Bagaev,Bart van Erp,Rafael Kaufmann,Avel Guénin-Carlut,Pablo Fernandez-Maquieira,Anna Lembke,Curt Jaimungal,Karl J Friston","3rd Applied Active Inference Symposium “Enacting Ecosystems of Shared Intelligence”, part 1"
"Parr, Pezzulo, Friston 2022 Textbook Cohort 4, Chapter 5 part 2","Parr, Pezzulo, Friston 2022 Textbook","Cohort 4, Chapter 5 part 2",8/22/2023 10:00 PM,https://youtu.be/1Ooz_N1HJ58,,"Textbook Group meeting for Parr, Pezzulo, Friston 2022."
GuestStream #053.1,GuestStream,#053.1,8/23/2023,https://www.youtube.com/watch?v=_GHJO_bnyrY,"Mark Solms,Alexey Tolchinsky,Andrea Clarici,Michael Levin,Bryn O’Reilly,Albert D’Hulst",A case for chaos theory inclusion in neuropsychoanalytic modeling
GuestStream #054.1,GuestStream,#054.1,8/25/2023,https://www.youtube.com/watch?v=bhLPZaLmi2k,"Andrés Gómez-Emilsson,Chris Percy",Electromagnetic Field Topology Consciousness
Chris Fields ~ Physics As Information Processing ~ 2023 Discussion 4,Chris Fields ~ Physics As Information Processing ~ 2023,Discussion 4,8/26/2023,https://www.youtube.com/watch?v=jWEcQVcgleM&list=PLNm0u2n1Iwdq0UnnnnkUr446lUz00x6E7&,"Ander Aguirre,Chris Fields",Discussion 4 — Course information
GuestStream #055.1,GuestStream,#055.1,8/30/2023,https://www.youtube.com/watch?v=a4DC1YCVpsU,"James Pang,Alex Fornito",Geometric constraints on human brain function
Active Inference for the Social Sciences — Semiotics and Semantics (Lecture),Active Inference for the Social Sciences,— Semiotics and Semantics (Lecture),8/30/2023,https://www.youtube.com/watch?v=4ijYLWm4P2I&list=PLNm0u2n1IwdoE8kkRwf1B6o4qhrbVcyFw&,Lorena Sganzerla,Semiotics and Semantics (Lecture) — Course home
MathStream #006.1,MathStream,#006.1,9/1/2023,https://www.youtube.com/watch?v=p1GMPGBJGfw,Sean Tull,Active Inference in String Diagrams
Active Inference for the Social Sciences — Semiotics and Semantics (Discussion),Active Inference for the Social Sciences,— Semiotics and Semantics (Discussion),9/12/2023,https://www.youtube.com/watch?v=MrAiB9X7Ock&list=PLNm0u2n1IwdoE8kkRwf1B6o4qhrbVcyFw&,Lorena Sganzerla,Semiotics and Semantics (Discussion) — Course home
Chris Fields ~ Physics As Information Processing ~ 2023 Lecture 5,Chris Fields ~ Physics As Information Processing ~ 2023,Lecture 5,9/14/2023,https://www.youtube.com/watch?v=Il9sBNAia7g&list=PLNm0u2n1Iwdq0UnnnnkUr446lUz00x6E7,Chris Fields,Lecture 5 — Course information
GuestStream #056.1,GuestStream,#056.1,9/15/2023,https://www.youtube.com/watch?v=h0Tfm2lw6PQ,Grégoire Sergeant,Agency with structured latent state-spaces: a model for computational phenomenology.
GuestStream #057.1,GuestStream,#057.1,9/18/2023,https://www.youtube.com/watch?v=1uIRljnLtc4,Andy Keller,Natural Neural Structure in Artificial Neural Networks
GuestStream #058.1,GuestStream,#058.1,9/19/2023,https://www.youtube.com/watch?v=Sz7ZP2N6DuE,"Karl J Friston,Cheng-Ming Chuong,Andrew Schwartz",Working with Gerald Edelman
MathStream #007.1,MathStream,#007.1,9/19/2023,https://www.youtube.com/watch?v=kJUVdt-fN7U,Vincent Wang-Mascianica,Constructor Theory as Process Theory
"Parr, Pezzulo, Friston 2022 Textbook Cohort 5 Onboarding","Parr, Pezzulo, Friston 2022 Textbook",Cohort 5 Onboarding,9/19/2023,https://youtu.be/3CQmexsuF64,,"Textbook Group meeting for Parr, Pezzulo, Friston 2022."
"Parr, Pezzulo, Friston 2022 Textbook Cohort 4, Chapter 6 part 1","Parr, Pezzulo, Friston 2022 Textbook","Cohort 4, Chapter 6 part 1",9/19/2023 12:00 PM,https://youtu.be/dlZk_iF9EqM,,"Textbook Group meeting for Parr, Pezzulo, Friston 2022."
"Active Inference for the Social Sciences — Norms, Scripts, Narratives, Languages (Lecture)",Active Inference for the Social Sciences,"— Norms, Scripts, Narratives, Languages (Lecture)",9/20/2023,https://www.youtube.com/watch?v=Qbmuu61dnWY&list=PLNm0u2n1IwdoE8kkRwf1B6o4qhrbVcyFw&,Mahault Albarracin,"Norms, Scripts, Narratives, Languages (Lecture) — Course home"
MorphStream #001.1,MorphStream,#001.1,9/26/2023,https://www.youtube.com/watch?v=MzYmdBaJIYc,"David Kappel,Sarah Hamburg",
"Parr, Pezzulo, Friston 2022 Textbook Cohort 4, Chapter 6 part 2","Parr, Pezzulo, Friston 2022 Textbook","Cohort 4, Chapter 6 part 2",9/26/2023,https://youtu.be/-j5JXt79H3w,,"Textbook Group meeting for Parr, Pezzulo, Friston 2022."
"Parr, Pezzulo, Friston 2022 Textbook Cohort 5, Chapter 1 part 1","Parr, Pezzulo, Friston 2022 Textbook","Cohort 5, Chapter 1 part 1",9/26/2023,https://youtu.be/85HzeHfna08,,"Textbook Group meeting for Parr, Pezzulo, Friston 2022."
Roundtable 2023.3,Roundtable,2023.3,9/29/2023,https://www.youtube.com/watch?v=93-rNtJR-9I,,2023 Quarterly Roundtable #3
Chris Fields ~ Physics As Information Processing ~ 2023 Discussion 5,Chris Fields ~ Physics As Information Processing ~ 2023,Discussion 5,9/30/2023,https://www.youtube.com/watch?v=_NfqCpsZPeM&list=PLNm0u2n1Iwdq0UnnnnkUr446lUz00x6E7&,Ander Aguirre,Discussion 5 — Course information
"Parr, Pezzulo, Friston 2022 Textbook Cohort 5, Chapter 1 part 2","Parr, Pezzulo, Friston 2022 Textbook","Cohort 5, Chapter 1 part 2",10/3/2023,https://youtu.be/1w2JUt-xHH4,,"Textbook Group meeting for Parr, Pezzulo, Friston 2022."
"Parr, Pezzulo, Friston 2022 Textbook Cohort 4, Chapter 7 part 1","Parr, Pezzulo, Friston 2022 Textbook","Cohort 4, Chapter 7 part 1",10/10/2023 12:00 PM,https://youtu.be/gEL56jY7CY0,,"Textbook Group meeting for Parr, Pezzulo, Friston 2022."
"Parr, Pezzulo, Friston 2022 Textbook Cohort 5, Chapter 2 part 1","Parr, Pezzulo, Friston 2022 Textbook","Cohort 5, Chapter 2 part 1",10/10/2023 12:00 PM,https://youtu.be/Wbl_xK_-ldM,,"Textbook Group meeting for Parr, Pezzulo, Friston 2022."
Chris Fields ~ Physics As Information Processing ~ 2023 Lecture 6,Chris Fields ~ Physics As Information Processing ~ 2023,Lecture 6,10/12/2023,https://www.youtube.com/watch?v=bSPQ3BkqTh4&list=PLNm0u2n1Iwdq0UnnnnkUr446lUz00x6E7&,Chris Fields,Lecture 6 — Course information
"Parr, Pezzulo, Friston 2022 Textbook Cohort 4, Chapter 8 part 1","Parr, Pezzulo, Friston 2022 Textbook","Cohort 4, Chapter 8 part 1",10/17/2023 12:00 PM,https://youtu.be/Z8hWG4Qf92w,,"Textbook Group meeting for Parr, Pezzulo, Friston 2022."
"Parr, Pezzulo, Friston 2022 Textbook Cohort 5, Chapter 2 part 2","Parr, Pezzulo, Friston 2022 Textbook","Cohort 5, Chapter 2 part 2",10/17/2023 12:00 PM,https://youtu.be/snOZwtTgX3Q,,"Textbook Group meeting for Parr, Pezzulo, Friston 2022."
Active Inference for the Social Sciences — Social constraints (Lecture),Active Inference for the Social Sciences,— Social constraints (Lecture),10/18/2023,https://www.youtube.com/watch?v=StyeVhPobXg&list=PLNm0u2n1IwdoE8kkRwf1B6o4qhrbVcyFw&,Avel Guénin-Carlut,Social constraints (Lecture) — Course home
GuestStream #059.1,GuestStream,#059.1,10/18/2023,https://www.youtube.com/watch?v=knhfxLxyeyQ,David Tuckett,Conviction Narrative Theory: A theory of choice under radical uncertainty
GuestStream #060.1,GuestStream,#060.1,10/18/2023,https://www.youtube.com/watch?v=TubYmyvsynA,Kristen Whittle,Reflections and implications of a naïve attitude to architecture
GuestStream #061.1,GuestStream,#061.1,10/20/2023,https://www.youtube.com/watch?v=vh8Q6Bc-TQA,Shagor Rahman,Myth of objectivity and the origin of symbols
Livestream #055.0,Livestream,#055.0,10/24/2023,https://www.youtube.com/watch?v=nuUWmwrz6cI,,"Realising Synthetic Active Inference Agents, Part I: Epistemic Objectives and Graphical Specification Language

Realising Synthetic Active Inference Agents, Part II: Variational Message Updates"
"Parr, Pezzulo, Friston 2022 Textbook Cohort 4, Chapter 8 part 2","Parr, Pezzulo, Friston 2022 Textbook","Cohort 4, Chapter 8 part 2",10/24/2023 12:00 PM,https://youtu.be/Gz0yDB6VOSI,,"Textbook Group meeting for Parr, Pezzulo, Friston 2022."
"Parr, Pezzulo, Friston 2022 Textbook Cohort 5, Chapter 3 part 1","Parr, Pezzulo, Friston 2022 Textbook","Cohort 5, Chapter 3 part 1",10/24/2023 12:00 PM,https://youtu.be/v8DiGoR29z8,,"Textbook Group meeting for Parr, Pezzulo, Friston 2022."
"Active Inference for the Social Sciences — Social constraints (Discussion) ",Active Inference for the Social Sciences,"— Social constraints (Discussion) ",10/25/2023,https://www.youtube.com/watch?v=pJit1ONOYcM&list=PLNm0u2n1IwdoE8kkRwf1B6o4qhrbVcyFw,Avel Guénin-Carlut,Social constraints (Discussion) — Course home
Chris Fields ~ Physics As Information Processing ~ 2023 Discussion 6,Chris Fields ~ Physics As Information Processing ~ 2023,Discussion 6,10/28/2023,https://www.youtube.com/watch?v=dAolShffDWo&list=PLNm0u2n1Iwdq0UnnnnkUr446lUz00x6E7&,Ander Aguirre,Discussion 6 — Course information
GuestStream #062.1,GuestStream,#062.1,10/30/2023,https://www.youtube.com/watch?v=ciFMH8svne4,Michael Carl,Deep temporal Models of the Translation Process
"Parr, Pezzulo, Friston 2022 Textbook Cohort 4, Chapter 9 part 1","Parr, Pezzulo, Friston 2022 Textbook","Cohort 4, Chapter 9 part 1",10/31/2023 12:00 PM,https://youtu.be/5a8zJ25BLYU,,"Textbook Group meeting for Parr, Pezzulo, Friston 2022."
"Parr, Pezzulo, Friston 2022 Textbook Cohort 5, Chapter 3 part 2","Parr, Pezzulo, Friston 2022 Textbook","Cohort 5, Chapter 3 part 2",10/31/2023 12:00 PM,https://youtu.be/hREkvTcNNRo,,"Textbook Group meeting for Parr, Pezzulo, Friston 2022."
"Active Inference for the Social Sciences — Conclusion (Discussion) ",Active Inference for the Social Sciences,"— Conclusion (Discussion) ",11/1/2023,https://www.youtube.com/watch?v=cGW-ZAvybz8&list=PLNm0u2n1IwdoE8kkRwf1B6o4qhrbVcyFw&,Avel Guénin-Carlut,Conclusion (Discussion) — Course home
Livestream #055.1,Livestream,#055.1,11/1/2023,https://www.youtube.com/watch?v=YNsUMgOQYpk,Magnus T Koudahl,"Realising Synthetic Active Inference Agents, Part I: Epistemic Objectives and Graphical Specification Language

Realising Synthetic Active Inference Agents, Part II: Variational Message Updates"
Livestream #056.0,Livestream,#056.0,11/2/2023,https://www.youtube.com/watch?v=KX62d4gvFAY,,"Four papers on Neural coding, Predictive processing, and Cognitive modeling."
GuestStream #063.1,GuestStream,#063.1,11/7/2023,https://www.youtube.com/watch?v=6Yr_g9j4kso,Michał Piekarski,Incorporating (variational) free energy models into mechanisms: the case of predictive processing under the free energy principle
"Parr, Pezzulo, Friston 2022 Textbook Cohort 4, Chapter 9 part 2","Parr, Pezzulo, Friston 2022 Textbook","Cohort 4, Chapter 9 part 2",11/7/2023 12:00 PM,https://youtu.be/rOchZu64b3A,,"Textbook Group meeting for Parr, Pezzulo, Friston 2022."
"Parr, Pezzulo, Friston 2022 Textbook Cohort 5, Chapter 4 part 1","Parr, Pezzulo, Friston 2022 Textbook","Cohort 5, Chapter 4 part 1",11/7/2023 12:00 PM,https://youtu.be/wFZSLtbhDLE,,"Textbook Group meeting for Parr, Pezzulo, Friston 2022."
Livestream #056.1,Livestream,#056.1,11/14/2023,https://www.youtube.com/watch?v=BMrgdUnF2iI,Alexander Ororbia,"Four papers on Neural coding, Predictive processing, and Cognitive modeling."
"Parr, Pezzulo, Friston 2022 Textbook Cohort 4, Chapter 10 part 1","Parr, Pezzulo, Friston 2022 Textbook","Cohort 4, Chapter 10 part 1",11/14/2023 12:00 PM,https://youtu.be/yICyXcr2idI,,"Textbook Group meeting for Parr, Pezzulo, Friston 2022."
"Parr, Pezzulo, Friston 2022 Textbook Cohort 5, Chapter 4 part 2","Parr, Pezzulo, Friston 2022 Textbook","Cohort 5, Chapter 4 part 2",11/14/2023 12:00 PM,https://youtu.be/D0eSAByd_Ak,,"Textbook Group meeting for Parr, Pezzulo, Friston 2022."
Livestream #055.2,Livestream,#055.2,11/16/2023,https://www.youtube.com/watch?v=N7QSuazEEhE,Magnus T Koudahl,"Realising Synthetic Active Inference Agents, Part I: Epistemic Objectives and Graphical Specification Language

Realising Synthetic Active Inference Agents, Part II: Variational Message Updates"
OrgStream #005.1,OrgStream,#005.1,11/20/2023,https://www.youtube.com/watch?v=q8OIuyFXqQ0,Anna-Marie Swan,Ecological organisations: reimagining our organisations and communities as radically responsible and responsive ecosystem members
Livestream #056.2,Livestream,#056.2,11/21/2023,https://www.youtube.com/watch?v=0CY0fTqtdHo,Alexander Ororbia,"Four papers on Neural coding, Predictive processing, and Cognitive modeling."
"Parr, Pezzulo, Friston 2022 Textbook Cohort 4, Chapter 10 part 2","Parr, Pezzulo, Friston 2022 Textbook","Cohort 4, Chapter 10 part 2",11/21/2023 12:00 PM,https://youtu.be/82jRowV0oqA,,"Textbook Group meeting for Parr, Pezzulo, Friston 2022."
"Parr, Pezzulo, Friston 2022 Textbook Cohort 5, Chapter 5 part 1","Parr, Pezzulo, Friston 2022 Textbook","Cohort 5, Chapter 5 part 1",11/21/2023 12:00 PM,https://youtu.be/MMOsuWNoPSo,,"Textbook Group meeting for Parr, Pezzulo, Friston 2022."
Insights #001,Insights,#001,11/22/2023,https://www.youtube.com/watch?v=N5H5I6cvcrQ,Karl J Friston,"Free Energy, Time, Consciousness"
GuestStream #064.1,GuestStream,#064.1,11/29/2023,https://www.youtube.com/watch?v=PQGoQYpyqUY,Elliot Murphy,ROSE: A neurocomputational architecture for syntax
Insights #002,Insights,#002,11/30/2023,https://www.youtube.com/watch?v=njbpi3YTMPY,Mahault Albarracin,"Epistemic Communities, Social Scripts, AI"
GuestStream #065.1,GuestStream,#065.1,12/6/2023,https://www.youtube.com/watch?v=eMtgUJl68jg,Phoebe Klett,Towards Bayesian World Models
GuestStream #066.1,GuestStream,#066.1,12/6/2023,https://www.youtube.com/watch?v=rF3zyjv2Drw,Adrian Bejan,The Physics of Life: How to Predict Evolution
Insights #003,Insights,#003,12/7/2023,https://www.youtube.com/watch?v=aC8GC15sqME,John Vervaeke,"Relevance Realisation, Predictive Processing, Flow"
GuestStream #067.1,GuestStream,#067.1,12/7/2023,https://www.youtube.com/watch?v=HThdpvQzA4o,Andrés Corrada,The logic of NTQR evaluations of noisy judges: Complete postulates and logically consistent error correlation
Roundtable 2023.4,Roundtable,2023.4,12/8/2023,https://www.youtube.com/watch?v=rKrrpoVbwWQ,,2023 Quarterly Roundtable #4
Insights #004,Insights,#004,12/14/2023,https://youtu.be/cKZIJQLhudk,Inês Hipólito,"Markov Blankets, Modularity, Enactivism"
MorphStream #002.1,MorphStream,#002.1,12/19/2023,https://youtu.be/Wp7OebX_k70,Alon Loeffler,
Insights #005,Insights,#005,12/21/2023,https://youtu.be/Jutffqjgy18,Marilyn Stendera,"Autopoiesis, Heidegger, Futurity"
ReviewStream 2023,ReviewStream,2023,12/22/2023,https://www.youtube.com/watch?v=ykmasEwYSqQ,"Dean Tickles,Daniel Friedman",2023 Active Inference Livestream Review
Insights #006,Insights,#006,1/4/2024,https://youtu.be/7GGGBMFuRXE,Adam Safron,"Psychedelics, Emotions, The Body"
Insights #007,Insights,#007,1/11/2024,https://youtu.be/1wxxhVjSo6w,"Vicente Raja,Jeff Beck",The Markov Blanket Trick Debate
OrgStream #006.1,OrgStream,#006.1,1/22/2024,https://www.youtube.com/watch?v=SerC9wYOMHs,"Cent Hosten,Janita Chalam,Hazel",d20 Governance: an experimental governance environment
GuestStream #068.1,GuestStream,#068.1,1/23/2024,https://www.youtube.com/watch?v=3QpD4fXqQ7w,Darius Parvizi-Wayne,Distrusting the policy: how inference over action shapes our experience of temporality in flow states and life more broadly
Insights #008,Insights,#008,1/25/2024,https://youtu.be/oJZSGW2kCYY,Alexander Ororbia,"Mortal Computation, Cybernetics, AI"
MathStream #008.1,MathStream,#008.1,1/26/2024,https://www.youtube.com/watch?v=bXOAOqJxujs,Richard Servajean,Introduction to Bayesian mechanics: state-based formalism (part 1)
Insights #009,Insights,#009,2/1/2024,https://youtu.be/23XMBqlFi78,Christopher D Frith,"Mentalizing, Schizophrenia, Consciousness"
MathStream #008.2,MathStream,#008.2,2/2/2024,https://youtube.com/live/S-6qpCNq4uA?feature=share,Richard Servajean,Introduction to Bayesian mechanics: paths-based formalism (part 2)
"Parr, Pezzulo, Friston 2022 Textbook Cohort 5, Chapter 6 part 1","Parr, Pezzulo, Friston 2022 Textbook","Cohort 5, Chapter 6 part 1",2/5/2024,https://youtu.be/WZ_rsHiwXRk,,"Textbook Group meeting for Parr, Pezzulo, Friston 2022."
"Parr, Pezzulo, Friston 2022 Textbook Cohort 6, Chapter 1, part 1","Parr, Pezzulo, Friston 2022 Textbook","Cohort 6, Chapter 1, part 1",2/5/2024,https://youtu.be/imqNCmLJMts,,"Textbook Group meeting for Parr, Pezzulo, Friston 2022."
GuestStream #069.1,GuestStream,#069.1,2/6/2024,https://www.youtube.com/watch?v=Q0ySDpKFrPA,Andrew McLuhan,Marshall McLuhan and Project 69
Insights #010,Insights,#010,2/8/2024,https://youtu.be/kLLMB91DMPA,Lancelot Da Costa,"Mathematics, Time, Selfhood"
GuestStream #070.1,GuestStream,#070.1,2/9/2024,https://www.youtube.com/watch?v=FNgAL97_uwE,Jerry Michalski,Practical Collective Sensemaking
"Parr, Pezzulo, Friston 2022 Textbook Cohort 5, Chapter 6 part 2","Parr, Pezzulo, Friston 2022 Textbook","Cohort 5, Chapter 6 part 2",2/12/2024,https://youtu.be/Da6PnLlK9oc,,"Textbook Group meeting for Parr, Pezzulo, Friston 2022."
"Parr, Pezzulo, Friston 2022 Textbook Cohort 6, Chapter 1, part 2","Parr, Pezzulo, Friston 2022 Textbook","Cohort 6, Chapter 1, part 2",2/12/2024,https://youtu.be/qYImZ0Gk298,,"Textbook Group meeting for Parr, Pezzulo, Friston 2022."
GuestStream #066.2,GuestStream,#066.2,2/15/2024,https://www.youtube.com/watch?v=UAtfOc3Q4_0,Adrian Bejan,Freedom and Evolution
Insights #011,Insights,#011,2/15/2024,https://youtu.be/5OSdKU3Viu0,Julian Kiverstein,"Affordances, Enaction, Phenomenology"
"Parr, Pezzulo, Friston 2022 Textbook Cohort 5, Chapter 7 part 1","Parr, Pezzulo, Friston 2022 Textbook","Cohort 5, Chapter 7 part 1",2/19/2024,https://youtu.be/mqB1ZW3wVHc,,"Textbook Group meeting for Parr, Pezzulo, Friston 2022."
"Parr, Pezzulo, Friston 2022 Textbook Cohort 6, Chapter 2, part 1","Parr, Pezzulo, Friston 2022 Textbook","Cohort 6, Chapter 2, part 1",2/19/2024,https://youtu.be/AJ245K2DC44,,"Textbook Group meeting for Parr, Pezzulo, Friston 2022."
Insights #012,Insights,#012,2/22/2024,https://youtu.be/kNel8V3TFZs,Ronald Sladky,"Amygdala, Priors, fMRI"
GuestStream #071.1,GuestStream,#071.1,2/22/2024,https://www.youtube.com/watch?v=nss0y1P3nso,"Ryan Smith,Marishka Mehta,Rowan Hodson",The empirical status of predictive coding and active inference
"Parr, Pezzulo, Friston 2022 Textbook Cohort 5, Chapter 7 part 2","Parr, Pezzulo, Friston 2022 Textbook","Cohort 5, Chapter 7 part 2",2/26/2024,https://youtu.be/0pd6BtofNkY,,"Textbook Group meeting for Parr, Pezzulo, Friston 2022."
"Parr, Pezzulo, Friston 2022 Textbook Cohort 6, Chapter 2, part 2","Parr, Pezzulo, Friston 2022 Textbook","Cohort 6, Chapter 2, part 2",2/26/2024,https://youtu.be/s3iUvrVuckc,,"Textbook Group meeting for Parr, Pezzulo, Friston 2022."
Insights #013,Insights,#013,2/29/2024,https://youtu.be/bQAJKi5ewDI,Ryan Smith,"Wellbeing, Modelling, Precision"
GuestStream #072.1,GuestStream,#072.1,3/1/2024,https://www.youtube.com/watch?v=jI3wnTbpkNo,John Cook,Open Source AI:  The truth is the first casualty in war
MorphStream #003.1,MorphStream,#003.1,3/1/2024,https://www.youtube.com/watch?v=T5nG_5UZ_yk,Anand Subramoney,Principles of scalability and biological inspirations
GuestStream #073.1,GuestStream,#073.1,3/3/2024,https://youtube.com/live/ps3B2dfmK5Y,Lachlan Kent,Mental gravity: Modelling the embodied self on the physical environment
"Parr, Pezzulo, Friston 2022 Textbook Cohort 5, Chapter 8 part 1","Parr, Pezzulo, Friston 2022 Textbook","Cohort 5, Chapter 8 part 1",3/4/2024,https://youtu.be/0pd6BtofNkY,,"Textbook Group meeting for Parr, Pezzulo, Friston 2022."
"Parr, Pezzulo, Friston 2022 Textbook Cohort 6, Chapter 3, part 1","Parr, Pezzulo, Friston 2022 Textbook","Cohort 6, Chapter 3, part 1",3/4/2024,https://www.youtube.com/watch?v=7Ru_taOprEA,,"Textbook Group meeting for Parr, Pezzulo, Friston 2022."
MathStream #009.1,MathStream,#009.1,3/5/2024,https://www.youtube.com/watch?v=I3rhsT-8isk,Jonathan Gorard,A computational perspective on observation and cognition
GuestStream #074.1,GuestStream,#074.1,3/6/2024,https://www.youtube.com/watch?v=XX61J32RT9g,Alexey Tolchinsky,Narrative Fallacy and Other Limitations of Psychodynamic Case Formulation
Insights #014,Insights,#014,3/7/2024,https://youtu.be/HIvGyLlZx4I,Alex Kiefer,"Representations, Predictive Coding, Teleology"
"Parr, Pezzulo, Friston 2022 Textbook Cohort 5, Chapter 8 part 2","Parr, Pezzulo, Friston 2022 Textbook","Cohort 5, Chapter 8 part 2",3/11/2024,https://youtu.be/hf7V9oJAK6I,,"Textbook Group meeting for Parr, Pezzulo, Friston 2022."
"Parr, Pezzulo, Friston 2022 Textbook Cohort 6, Chapter 3, part 2","Parr, Pezzulo, Friston 2022 Textbook","Cohort 6, Chapter 3, part 2",3/11/2024,https://youtu.be/ExQZpv43sSo,,"Textbook Group meeting for Parr, Pezzulo, Friston 2022."
GuestStream #075.1,GuestStream,#075.1,3/14/2024,https://www.youtube.com/watch?v=vixLMftkUK0,"Tadayuki Matsumura 松村忠幸,Hiroyuki Mizuno 水野弘之,Kanako Esaki 江﨑佳奈子",Active Inference With Empathy Mechanism for Socially Behaved Artificial Agents in Diverse Situations
Insights #015,Insights,#015,3/14/2024,https://youtu.be/v6ddfMkuSpo,"Michael Levin,Franz Kuchling","Morphogenesis, Selfhood, Teleonomy"
"Parr, Pezzulo, Friston 2022 Textbook Cohort 5, Chapter 9 part 1","Parr, Pezzulo, Friston 2022 Textbook","Cohort 5, Chapter 9 part 1",3/18/2024,https://youtu.be/jhAy18rnFEM,,"Textbook Group meeting for Parr, Pezzulo, Friston 2022."
"Parr, Pezzulo, Friston 2022 Textbook Cohort 6, Chapter 4, part 1","Parr, Pezzulo, Friston 2022 Textbook","Cohort 6, Chapter 4, part 1",3/18/2024,https://youtu.be/Gt5vADpuw_g,,"Textbook Group meeting for Parr, Pezzulo, Friston 2022."
OrgStream #007.1,OrgStream,#007.1,3/20/2024,https://www.youtube.com/watch?v=cPv4TVBFANc,"Jamie Joyce,John Ash",Harnessing Collective Intelligence to Map AI Debates
Insights #016,Insights,#016,3/21/2024,https://youtu.be/uO1QgxI9B3g,Wanja Wiese,"Consciousness, Information Geometry, Ethical AI"
"Parr, Pezzulo, Friston 2022 Textbook Cohort 5, Chapter 9 part 2","Parr, Pezzulo, Friston 2022 Textbook","Cohort 5, Chapter 9 part 2",3/25/2024,https://youtu.be/DgppOdct0JE,,"Textbook Group meeting for Parr, Pezzulo, Friston 2022."
"Parr, Pezzulo, Friston 2022 Textbook Cohort 6, Chapter 4, part 5","Parr, Pezzulo, Friston 2022 Textbook","Cohort 6, Chapter 4, part 5",3/25/2024,https://youtu.be/L6FW9v3m-JA,,"Textbook Group meeting for Parr, Pezzulo, Friston 2022."
GuestStream #076.1,GuestStream,#076.1,3/27/2024,https://www.youtube.com/watch?v=E6DZTYdQJik,Anna Pereira,Wellness Science through the Lens of Active Inference
Insights #017,Insights,#017,3/28/2024,https://youtu.be/gpUuttKJoDM,Mark Solms,"Affect, Consciousness, Dreams"
Roundtable 2024.1,Roundtable,2024.1,3/29/2024,https://www.youtube.com/watch?v=Ln_g3qynnbA,,2024 Quarterly Roundtable #1
MathStream #010.1,MathStream,#010.1,3/29/2024,https://www.youtube.com/watch?v=3iY8ICcmd2E,Thomas Varley,Generalized decomposition of multivariate information
"Parr, Pezzulo, Friston 2022 Textbook Cohort 6, Chapter 5, part 1","Parr, Pezzulo, Friston 2022 Textbook","Cohort 6, Chapter 5, part 1",4/1/2024,https://youtu.be/Ke0x0TrBROk,,"Textbook Group meeting for Parr, Pezzulo, Friston 2022."
GuestStream #078.1,GuestStream,#078.1,4/3/2024,https://www.youtube.com/watch?v=BcepTxAv_xI,Juan Diego Bogotá,What could come before time? Intertwining affectivity and temporality at the basis of intentionality
GuestStream #077.1,GuestStream,#077.1,4/3/2024,https://www.youtube.com/watch?v=xgMW47d8H2k,Gareth Lee Stubbs,"The Police Hunch: The Bayesian Brain, Active Inference, and the Free Energy Principle in Action"
GuestStream #079.1,GuestStream,#079.1,4/3/2024,https://www.youtube.com/watch?v=7AtInJ-q7Hk,Ryota Kanai,Meta-representations as representations of processes
Insights #018,Insights,#018,4/4/2024,https://youtu.be/sAwPXw-WNg4,Sanjeev Namjoshi,"Education, Expectation-Maximisation, Evolution  "
ModelStream #010.1,ModelStream,#010.1,4/4/2024,https://www.youtube.com/watch?v=TZNXs5jP9hE,"Bart van Erp,Albert Podusenko",Building a Drone with RxInfer.jl
"Parr, Pezzulo, Friston 2022 Textbook Cohort 5, Chapter 10 part 2","Parr, Pezzulo, Friston 2022 Textbook","Cohort 5, Chapter 10 part 2",4/8/2024,https://youtu.be/0sS-Qf60Uaw,,"Textbook Group meeting for Parr, Pezzulo, Friston 2022."
"Parr, Pezzulo, Friston 2022 Textbook Cohort 6, Chapter 5, part 2","Parr, Pezzulo, Friston 2022 Textbook","Cohort 6, Chapter 5, part 2",4/8/2024,https://youtu.be/HEGhyTjMJOo,,"Textbook Group meeting for Parr, Pezzulo, Friston 2022."
OrgStream #008.1,OrgStream,#008.1,4/9/2024,https://www.youtube.com/watch?v=KwFpamHzmUc,Nathan Schneider,Governable Spaces: Democratic Design for Online Life
Insights #019,Insights,#019,4/11/2024,https://youtu.be/nf57wi3qLjk,Conor Heins,"Collective Behaviour, Enslaved Attention, Building Intelligence"
Insights #020,Insights,#020,4/18/2024,https://youtu.be/2hLeKUdOUrg,Kathryn Nave,"Agency, Vision, Life "
GuestStream #080.1,GuestStream,#080.1,4/22/2024,https://www.youtube.com/watch?v=viJt9sFqWdg,Laura Desirée Di Paolo,Active Inference Goes to School. The Importance of Active Learning in the Age of Large Language Models
GuestStream #081.1,GuestStream,#081.1,4/24/2024,https://www.youtube.com/watch?v=Q-_YCWfO0b0,Hannah Biddell,"Arousal coherence, uncertainty, and well-being: an active inference account"
Insights #021,Insights,#021,4/25/2024,https://youtu.be/IjWBAyJeCsc,Thomas Metzinger,"Pure Awareness, Self-Models, Phenomenal Transparency"
ArtStream #001.1,ArtStream,#001.1,4/26/2024,https://www.youtube.com/watch?v=q_fAglCMvPw,"Sander Van de Cruys,Jacopo Frascaroli",Order and change in art: towards an active inference account of aesthetic experience
GuestStream #082.1,GuestStream,#082.1,4/29/2024,https://www.youtube.com/watch?v=6gw6KEX10vo,Robert Worden,Bayesian Model-Based Cognition: The Requirement Equation
Insights #022,Insights,#022,5/2/2024,https://youtu.be/TvZcxUuosh0,Krys Dolega,"Emperor’s New Markov Blankets, Attention, Dan Dennett"
GuestStream #083.1,GuestStream,#083.1,5/10/2024,https://www.youtube.com/watch?v=15n6WN9jGrY,"Simon Wardley ",Wardley Mapping
ModelStream #010.2,ModelStream,#010.2,5/16/2024,https://youtu.be/ygmAhA18mkQ,Wouter Nuijten,RxEnvironments.jl
MathArtStream 1,MathArtStream,1,5/17/2024,https://www.youtube.com/watch?v=9DNxiBDYLzg,"Shanna Dobson,Héctor Manrique",Introducing MathArt Conversations
Livestream #057.0,Livestream,#057.0,5/24/2024,https://www.youtube.com/live/GoXtkxLGkjQ,,Active Data Selection and Information Seeking
MathArtStream 2,MathArtStream,2,5/24/2024,https://www.youtube.com/watch?v=XQKjFV-pCXQ,"Shanna Dobson,Stephen Sillett,Dean Tickles","Towards Tractable Insights: Dynamics and Immersion in, out and between MathArt"
Livestream #057.1,Livestream,#057.1,5/28/2024,https://www.youtube.com/watch?v=N0ozoxTgWD0,"Thomas Parr,Karl J Friston",Active Data Selection and Information Seeking
GuestStream #084.1,GuestStream,#084.1,5/30/2024,https://www.youtube.com/watch?v=Fc7bUNNdTfY,Jesse Gardner,The Nature of Habits and Agential Systems
MathArtStream 3,MathArtStream,3,5/31/2024,https://www.youtube.com/live/WnC3mZ1TAxk,"Jim Zhong,Shanna Dobson",Categorical Mental Imagery: Visualizing the 4th Spatial Dimension
GuestStream #082.2,GuestStream,#082.2,6/3/2024,https://www.youtube.com/watch?v=gMPa_xoOctU,Robert Worden,Three-dimensional Spatial Cognition: Bees and Bats
Livestream #057.2,Livestream,#057.2,6/4/2024,https://www.youtube.com/watch?v=qztkjHf2g3g,Thomas Parr,Active Data Selection and Information Seeking
ModelStream #011.1,ModelStream,#011.1,6/26/2024,https://www.youtube.com/live/Y9hP79tBXHo,Hadi Vafaii,Poisson Variational Autoencoder
ModelStream #012.1,ModelStream,#012.1,6/27/2024,https://www.youtube.com/live/u0y-NFl8emU,"Beth Fisher,Jakob Hohwy",An Active Inference Model of the Optimism Bias
Roundtable 2024.2,Roundtable,2024.2,6/28/2024,https://www.youtube.com/watch?v=VLP_jV_KRhc,,2024 Quarterly Roundtable #2
Insights #023,Insights,#023,6/28/2024,https://youtu.be/sKVZykutOD0,Iain McGilchrist,"Hemispheric Lateralisation, Relationality, Being-In-The-World"
ArtStream #002.1,ArtStream,#002.1,7/8/2024,https://www.youtube.com/live/UD-VfVJ41WA,Aenne Brielmann,Modelling individual aesthetic judgements over time
Insights #024,Insights,#024,7/8/2024,https://www.youtube.com/live/1Xu8jYKWsGM,Darius Parvizi-Wayne,Season Finale // Reflection
MathArtStream 4,MathArtStream,4,7/12/2024,https://www.youtube.com/live/i9oij02oje0,Kirby Urner,“Dimension” in Synergetics
"Parr, Pezzulo, Friston 2022 Textbook Cohort 6, Applying ActInf 1","Parr, Pezzulo, Friston 2022 Textbook","Cohort 6, Applying ActInf 1",7/15/2024,https://youtu.be/H-_iRin1vfI,,"Textbook Group meeting for Parr, Pezzulo, Friston 2022."
"Parr, Pezzulo, Friston 2022 Textbook Cohort 7, Chapter 1 part 1","Parr, Pezzulo, Friston 2022 Textbook","Cohort 7, Chapter 1 part 1",7/15/2024,https://youtu.be/Vp07CwdeD5o,,"Textbook Group meeting for Parr, Pezzulo, Friston 2022."
GuestStream #083.1,GuestStream,#083.1,7/17/2024,https://www.youtube.com/live/yknM6SFlPPc,Joshua Bongard,Embodied intelligence
GuestStream #076.2,GuestStream,#076.2,7/18/2024,https://www.youtube.com/live/s8MLTd_HzRc,Anna Pereira,Active Inference Circle Book Project and Things Update
GuestStream #082.3,GuestStream,#082.3,7/22/2024,https://www.youtube.com/live/IvY4acL8YeA,Robert Worden,The Projective Wave Theory of Consciousness
GuestStream #084.1,GuestStream,#084.1,7/22/2024,https://www.youtube.com/live/Wn65WcYGQSA,"Raphael Milliere,Charles Rathkopf",Anthropocentric bias and the possibility of artificial cognition
"Parr, Pezzulo, Friston 2022 Textbook Cohort 6, Applying ActInf 2","Parr, Pezzulo, Friston 2022 Textbook","Cohort 6, Applying ActInf 2",7/22/2024,https://youtu.be/-DQ6B7cagQ0,,"Textbook Group meeting for Parr, Pezzulo, Friston 2022."
"Parr, Pezzulo, Friston 2022 Textbook Cohort 7, Chapter 1 part 2","Parr, Pezzulo, Friston 2022 Textbook","Cohort 7, Chapter 1 part 2",7/22/2024,https://youtu.be/0FNa9vMVZ5I,,"Textbook Group meeting for Parr, Pezzulo, Friston 2022."
MathArtStream 5,MathArtStream,5,7/26/2024,https://www.youtube.com/live/MUcsN43HPoI,"Jim Zhong,Shanna Dobson,Héctor Manrique,Estelle Perchaud",Visualizing the 4th Dimension II: Retinal Path and 5D
GuestStream #082.4,GuestStream,#082.4,7/29/2024,https://www.youtube.com/live/zqOcywx40n8,Robert Worden,Assessment of the Brain Wave Hypothesis
"Parr, Pezzulo, Friston 2022 Textbook Cohort 6, Applying ActInf 3","Parr, Pezzulo, Friston 2022 Textbook","Cohort 6, Applying ActInf 3",7/29/2024,https://youtu.be/0rQWh-pBXSQ,,"Textbook Group meeting for Parr, Pezzulo, Friston 2022."
"Parr, Pezzulo, Friston 2022 Textbook Cohort 7, general and modeling ","Parr, Pezzulo, Friston 2022 Textbook","Cohort 7, general and modeling ",7/29/2024,https://youtu.be/rblchIvoEIY,,"Textbook Group meeting for Parr, Pezzulo, Friston 2022."
MathArtStream 6,MathArtStream,6,8/2/2024,https://www.youtube.com/live/qDilepcGCNs,"Shanna Dobson,Héctor Manrique","Dementors, Animagus and Episodic Memory: an Active Inference exploration of “Harry Potter and the Prisoner of Azkaban"
GuestStream #085.1,GuestStream,#085.1,8/5/2024,https://www.youtube.com/live/UB-TIIlmwlU,David Bloomin,[Deep] Learning Active Inference
Active InferAnt Stream #001.1,Active InferAnt Stream,#001.1,8/5/2024,https://www.youtube.com/live/6E4CpJvzddg,Daniel Friedman,FieldSHIFT-2: Fully Synthetic Dissertations for All-by-All Shifted Domains
"Parr, Pezzulo, Friston 2022 Textbook Cohort 6, Chapter 7 part 1","Parr, Pezzulo, Friston 2022 Textbook","Cohort 6, Chapter 7 part 1",8/5/2024,https://youtu.be/Yp8LSoHiMlk,,"Textbook Group meeting for Parr, Pezzulo, Friston 2022."
"Parr, Pezzulo, Friston 2022 Textbook Cohort 7, Chapter 2 part 1","Parr, Pezzulo, Friston 2022 Textbook","Cohort 7, Chapter 2 part 1",8/5/2024,https://youtu.be/YyKoz1yeEPQ,,"Textbook Group meeting for Parr, Pezzulo, Friston 2022."
MathStream #011.1,MathStream,#011.1,8/12/2024,https://www.youtube.com/live/IPiazKlNZ4g,Toby St Clere Smithe,Structured Active Inference
"Parr, Pezzulo, Friston 2022 Textbook Cohort 6, Chapter 7 part 2","Parr, Pezzulo, Friston 2022 Textbook","Cohort 6, Chapter 7 part 2",8/12/2024,https://youtu.be/CEL1TfYypAk,,"Textbook Group meeting for Parr, Pezzulo, Friston 2022."
"Parr, Pezzulo, Friston 2022 Textbook Cohort 7, Chapter 2 part 2","Parr, Pezzulo, Friston 2022 Textbook","Cohort 7, Chapter 2 part 2",8/12/2024,https://youtu.be/tg1LkHTy0h0,,"Textbook Group meeting for Parr, Pezzulo, Friston 2022."
MathArtStream 7,MathArtStream,7,8/16/2024,https://www.youtube.com/live/dtw7RaxaFTo,"Shanna Dobson,Héctor Manrique","Dementors, Animagus and Episodic Memory: an Active Inference exploration of Harry Potter and the Prisoner of Azkaban Part II"
Active InferAnt Stream #002.1,Active InferAnt Stream,#002.1,8/17/2024,https://www.youtube.com/live/I6sy9fMRcTs,Daniel Friedman,Towards a More Structural InferAnts (P3IF and 3R)
"Parr, Pezzulo, Friston 2022 Textbook Cohort 6, applying ActInf 4","Parr, Pezzulo, Friston 2022 Textbook","Cohort 6, applying ActInf 4",8/19/2024,https://youtu.be/nFHQ_Bjub3o,,"Textbook Group meeting for Parr, Pezzulo, Friston 2022."
"Parr, Pezzulo, Friston 2022 Textbook Cohort 7, open/general","Parr, Pezzulo, Friston 2022 Textbook","Cohort 7, open/general",8/19/2024,https://youtu.be/oDneqzXQNJo,,"Textbook Group meeting for Parr, Pezzulo, Friston 2022."
GuestStream #086.1,GuestStream,#086.1,8/20/2024,https://www.youtube.com/live/pYJUgEqS42U,"Moein Khajehnejad,Forough Habibollahi",Biological Neurons Compete with Deep Reinforcement Learning in Sample Efficiency in a Simulated Gameworld
ModelStream #013.1,ModelStream,#013.1,8/23/2024,https://www.youtube.com/live/MUaKYWKs0kk,Jacques Pienaar,Synthesizing the Born rule with reinforcement learning
"Parr, Pezzulo, Friston 2022 Textbook Cohort 6, Chapter 8 part 1","Parr, Pezzulo, Friston 2022 Textbook","Cohort 6, Chapter 8 part 1",8/26/2024,https://youtu.be/meHNspbSYto,,"Textbook Group meeting for Parr, Pezzulo, Friston 2022."
"Parr, Pezzulo, Friston 2022 Textbook Cohort 7, Chapter 3","Parr, Pezzulo, Friston 2022 Textbook","Cohort 7, Chapter 3",8/26/2024,https://youtu.be/M3r2AMBFZBo,,"Textbook Group meeting for Parr, Pezzulo, Friston 2022."
Active InferAnt Stream #003.1,Active InferAnt Stream,#003.1,8/31/2024,https://www.youtube.com/live/_OYKnrktAOU,Daniel Friedman,"“Systems Within Systems” – William Blake, FOIA, Cognitive Sovereignty, and PyMDP social learning"
GuestStream #087.1,GuestStream,#087.1,9/5/2024,https://www.youtube.com/live/0Cx5MTNxs-0,John Boik,CogNarr Ecosystem: Facilitating Group Cognition at Scale
MathArtStream 8,MathArtStream,8,9/6/2024,https://www.youtube.com/live/yIS0OW2o18s,"Shanna Dobson,Daniel Friedman","William Blake, Kierkegaard, Gothic"
ArtStream #003.1,ArtStream,#003.1,9/9/2024,https://www.youtube.com/live/ZfGRa_n4gB4,Diana Omigie,A model of time-varying music engagement
"Parr, Pezzulo, Friston 2022 Textbook Cohort 6, applying ActInf 5","Parr, Pezzulo, Friston 2022 Textbook","Cohort 6, applying ActInf 5",9/9/2024,https://youtu.be/TZKflAT3JmY,,"Textbook Group meeting for Parr, Pezzulo, Friston 2022."
GuestStream #087.2,GuestStream,#087.2,9/10/2024,https://www.youtube.com/live/52eHP5ReG34,John Boik,CogNarr Ecosystem: Preliminary Thoughts on a Story Graph Meaning Representation
ModelStream #014.1,ModelStream,#014.1,9/13/2024,https://www.youtube.com/live/Me3BitlU6Vs,Ran Wei,Value of Information and Reward Specification in Active Inference and POMDPs
"Parr, Pezzulo, Friston 2022 Textbook Cohort 6, Chapter 9 part 1","Parr, Pezzulo, Friston 2022 Textbook","Cohort 6, Chapter 9 part 1",9/16/2024,https://youtu.be/T1mQYCLkQo8,,"Textbook Group meeting for Parr, Pezzulo, Friston 2022."
"Parr, Pezzulo, Friston 2022 Textbook Cohort 7, Chapter 4 part 1","Parr, Pezzulo, Friston 2022 Textbook","Cohort 7, Chapter 4 part 1",9/16/2024,https://youtu.be/-7YZ8olj7Wo,,"Textbook Group meeting for Parr, Pezzulo, Friston 2022."
GuestStream #088.1,GuestStream,#088.1,9/17/2024,https://www.youtube.com/live/m__QjVPk98Y,Hunar Ahmad Abdulrahman,What is the Limit of Our Brains in Predicting Future Events?
"Parr, Pezzulo, Friston 2022 Textbook Cohort 7, Chapter 4 part 2","Parr, Pezzulo, Friston 2022 Textbook","Cohort 7, Chapter 4 part 2",9/23/2024,https://youtu.be/ee7P_RFYOFI,,"Textbook Group meeting for Parr, Pezzulo, Friston 2022."
GuestStream #089.1,GuestStream,#089.1,9/30/2024,https://www.youtube.com/live/esn5C4i9Jlc,Stefan Bernegger,Generic framework for a coherent integration of experience and exposure rating in reinsurance
Roundtable 2024.3,Roundtable,2024.3,10/1/2024,https://www.youtube.com/watch?v=tlDnkNGVK1Y,,2024 Quarterly Roundtable #3
Active InferAnt Stream #004.1,Active InferAnt Stream,#004.1,10/2/2024,https://www.youtube.com/live/-nF0EXr3Rpk,Daniel Friedman,Does Synthetic Fabric dream of Active Inference (too)?
MathArtStream 9,MathArtStream,9,10/7/2024,https://youtu.be/aYh658kckwA,"Héctor Manrique,Ana Magdalena Hurtado","The Expanse, books and TV-series, a Treatise on Human Nature"
Active InferAnt Stream #005.1,Active InferAnt Stream,#005.1,10/16/2024,https://www.youtube.com/live/gWJ-rG8UuFg,Daniel Friedman,FORMINDEX: FORMIS INtegrated Database EXploration
ModelStream #015.0,ModelStream,#015.0,10/22/2024,https://www.youtube.com/live/wAd-ARzquj8,Andrew Pashea,Active Agents: An Active Inference Approach to Agent-Based Modeling in the Social Sciences
MathArtStream 10,MathArtStream,10,10/25/2024,https://www.youtube.com/live/irpsxu304-0,"Shanna Dobson,Sonia de Jager","All things mirrored bɘɿoɿɿim ƨϱniʜɈ llA: A speculation into the effects of reflection(s), duplication and symmetry through Active Inference"
Livestream #058.0,Livestream,#058.0,10/29/2024,https://www.youtube.com/live/_zW1BrLwACY,,From pixels to planning: scale-free active inference
GuestStream #090.1,GuestStream,#090.1,10/31/2024,https://www.youtube.com/live/8mGBPhgYGCo,Benjamin Nelson,Mechanics of the Mind
GuestStream #091.1,GuestStream,#091.1,11/1/2024,https://www.youtube.com/live/b8meLjc8XHE,John Dall'Aglio,"Consciousness Enjoying Uncertainty: Lacan, Neuropsychoanalysis, and Dual-Aspect Monism"
Active InferAnt Stream #006.1,Active InferAnt Stream,#006.1,11/3/2024,https://www.youtube.com/live/QyOslBrs2qA,Daniel Friedman,"Towards (Open Source, Active Inference) Bioregional Biofirm Modeling"
Livestream #058.1,Livestream,#058.1,11/7/2024,https://www.youtube.com/live/OPapscuD05s,Lancelot Da Costa,From pixels to planning: scale-free active inference
Active InferAnt Stream #007.1,Active InferAnt Stream,#007.1,11/8/2024,https://www.youtube.com/live/kGRczFpO8zQ,Daniel Friedman,GNN for AgentMaker for PyMDP for Active Inference Biofirms for Bioregionalism... for Ants?!?!?
GuestStream #092.1,GuestStream,#092.1,11/12/2024,https://www.youtube.com/live/DAZNlhxOhSg,Max Aifer,Thermodynamic Linear Algebra
Livestream #058.2,Livestream,#058.2,11/13/2024,https://www.youtube.com/live/ee6_mNOfP38,"Karl J Friston,Lancelot Da Costa",From pixels to planning: scale-free active inference
"Applied Active Inference Symposium ",Applied Active Inference Symposium,,11/13/2024,https://www.youtube.com/live/ee6_mNOfP38,,"Symposium Part 1, 19 sessions (Program)"
"Applied Active Inference Symposium ",Applied Active Inference Symposium,,11/14/2024,https://www.youtube.com/live/fWOuX8NuQck,,"Symposium Part 2, 13 sessions (Program)"
"Applied Active Inference Symposium ",Applied Active Inference Symposium,,11/15/2024,https://www.youtube.com/watch?v=PnwqqLE10K8,John Clippinger,Symposium Part 3: “Roundtable on Implications of LLMs and Active Inference Agentic Architectures” (Program)
Active InferAnt Stream #001.2,Active InferAnt Stream,#001.2,11/18/2024,https://www.youtube.com/live/wDYI7pOGamI,Vladimir Baulin,FieldSHIFTing for the SoftComp Intelligent Soft Matter Workshop
ModelStream #016.1,ModelStream,#016.1,12/6/2024,https://www.youtube.com/live/pNfQqKXUdic,"Eli Sennesh,Tommaso Salvatori",Divide-and-Conquer Predictive Coding: a structured Bayesian inference algorithm
ArtStream #004.1,ArtStream,#004.1,12/10/2024,https://www.youtube.com/watch?v=x6rwST67ugU,Karin Kukkonen,Literature as Uncertainty Practice – Creative Encounters with the World
GuestStream #093.1,GuestStream,#093.1,12/13/2024,https://www.youtube.com/live/GVsBiTn_E6o,Nassim Dehouche,Enhancing Population-based Search with Active Inference
Active InferAnt Stream #008.1,Active InferAnt Stream,#008.1,12/15/2024,https://www.youtube.com/live/h_tO7gZH2Ks,Daniel Friedman,Symbol’s Greetings: Onboarding to Active Inference across backgrounds & languages
GuestStream #094.1,GuestStream,#094.1,12/17/2024,https://www.youtube.com/live/1Qr7um2W-Rc,Joséphine Pazem,Free Energy Projective Simulation (FEPS): Active inference with interpretability
Roundtable 2024.4,Roundtable,2024.4,12/19/2024,https://www.youtube.com/watch?v=bK3lIWs23RE,,2024 Quarterly Roundtable #4
ReviewStream 2024,ReviewStream,2024,12/20/2024,https://www.youtube.com/live/S8z_Y95WBeE,"Dean Tickles,Daniel Friedman",2024 Active Inference Livestream Review
Active InferAnt Stream #009.1,Active InferAnt Stream,#009.1,12/26/2024,https://www.youtube.com/live/cmPPvfElkCE,Daniel Friedman,How to Accelerate? Implementing & Meta-Analyzing an Active Inference Mountain Car in RxInfer.jl
GuestStream #095.1,GuestStream,#095.1,1/16/2025,https://www.youtube.com/live/Y76dco2nAkQ,Rithvik Prakki,Active Inference for Self-Organizing Multi-LLM Systems: A Bayesian Thermodynamic Approach to Adaptation
GuestStream #096.1,GuestStream,#096.1,1/17/2025,https://www.youtube.com/live/kCmC4i-drEY,Ron Itelman,Cognitive Experience Design (CXD): Designing AI Systems for Trust
GuestStream #097.1,GuestStream,#097.1,1/29/2025,https://www.youtube.com/live/VLTXPOsrg_s,Matt Sims,Slime Mould and Philosophy
MathArtStream 11,MathArtStream,11,2/5/2025,https://www.youtube.com/live/dP5MwxvYSno,Andrew Penland,Feedback Welcome
Active InferAnt Stream #010.1,Active InferAnt Stream,#010.1,2/7/2025,https://www.youtube.com/live/ed9iSi4cD3o,Daniel Friedman,"plain_text for active_inference: Modeling, Learning, and Exploration"
GuestStream #098.1,GuestStream,#098.1,2/10/2025,https://www.youtube.com/live/tU2PfMNp-OI,"Roderick Murray-Smith,John H. Williamson,Sebastian Stein",Active Inference and Human--Computer Interaction
"Parr, Pezzulo, Friston 2022 Textbook Cohort 7, Chapter 6 part 1","Parr, Pezzulo, Friston 2022 Textbook","Cohort 7, Chapter 6 part 1",2/20/2025,https://youtu.be/c0oEqJhXSts,,"Textbook Group meeting for Parr, Pezzulo, Friston 2022."
GuestStream #090.2,GuestStream,#090.2,2/21/2025,https://www.youtube.com/live/E3vyVxMZanA,Benjamin Nelson,Decoding the ARC: The Evolution of Reason in the Abstract Reasoning Corpus
Active InferAnt Stream #010.2,Active InferAnt Stream,#010.2,2/23/2025,https://www.youtube.com/live/Gl7yd2MRjmk,Daniel Friedman,"plain_text too: Learning Paths, Application Guides, and More Things."
"Parr, Pezzulo, Friston 2022 Textbook Cohort 7, Chapter 6 part 2","Parr, Pezzulo, Friston 2022 Textbook","Cohort 7, Chapter 6 part 2",2/27/2025,https://youtu.be/CV7fsxhgVe0,,"Textbook Group meeting for Parr, Pezzulo, Friston 2022."
"Parr, Pezzulo, Friston 2022 Textbook Cohort 7, Chapter 7 part 1","Parr, Pezzulo, Friston 2022 Textbook","Cohort 7, Chapter 7 part 1",3/6/2025,https://youtu.be/3zdTINcxZC0,,"Textbook Group meeting for Parr, Pezzulo, Friston 2022."
GuestStream #099.1,GuestStream,#099.1,3/9/2025,https://www.youtube.com/live/NZnlrI-6mS8,Avel Guénin-Carlut,From Contextuality to Social Constraints — An Active Inference ontology for participatory realism and social change
"Parr, Pezzulo, Friston 2022 Textbook Cohort 7, Chapter 7 part 2","Parr, Pezzulo, Friston 2022 Textbook","Cohort 7, Chapter 7 part 2",3/13/2025,https://youtu.be/4ufIGiX0BWw,,"Textbook Group meeting for Parr, Pezzulo, Friston 2022."
GuestStream #100.1,GuestStream,#100.1,3/15/2025,https://youtube.com/live/BN2akPkfNxA,Yu Kanazawa (金澤 佑),The free energy principle and its implications to language learning and education
"Parr, Pezzulo, Friston 2022 Textbook Cohort 7, Chapter 8 part 1","Parr, Pezzulo, Friston 2022 Textbook","Cohort 7, Chapter 8 part 1",3/20/2025,https://youtu.be/fJTlecxnGD4,,"Textbook Group meeting for Parr, Pezzulo, Friston 2022."
ModelStream #017.1,ModelStream,#017.1,3/21/2025,https://www.youtube.com/live/pwfJQRN6iIc,"Albert Podusenko,Bart van Erp,Dmitry Bagaev,Ismail Șenöz,Bert de Vries",What's Wrong with Active Inference and How Lazy Dynamics Is Set to Solve It
"Parr, Pezzulo, Friston 2022 Textbook Cohort 7, Chapter 8 part 2","Parr, Pezzulo, Friston 2022 Textbook","Cohort 7, Chapter 8 part 2",3/27/2025,https://youtu.be/P0uVOg81qE8,,"Textbook Group meeting for Parr, Pezzulo, Friston 2022."
Roundtable 2025.1,Roundtable,2025.1,3/28/2025,https://www.youtube.com/live/aEe8y9Ebs10,,2025 Quarterly Roundtable #1
Active InferAnt Stream #011.1,Active InferAnt Stream,#011.1,4/2/2025,https://www.youtube.com/live/9LKWp5nydnA,Daniel Friedman,"April Agents Bring May Simulations: OpenManus, RxInfer.jl, and AgentLaboratory"
"Parr, Pezzulo, Friston 2022 Textbook Cohort 7, Chapter 9 part 1","Parr, Pezzulo, Friston 2022 Textbook","Cohort 7, Chapter 9 part 1",4/3/2025,https://youtu.be/KrzDtSB9KWw,,"Textbook Group meeting for Parr, Pezzulo, Friston 2022."
Active InferAnt Stream #012.1,Active InferAnt Stream,#012.1,4/7/2025,https://www.youtube.com/live/8Ohlb8iTW0k,Daniel Friedman,CEREBRUM: Case-Enabled Reasoning Engine with Bayesian Representations for Unified Modeling
GuestStream #101.1,GuestStream,#101.1,4/8/2025,https://www.youtube.com/live/eZPshFv24_g,"Mohsen Jafari,Yulin Li",Navigating Autonomous Vehicle on Unmarked Roads with Diffusion-Based Motion Prediction and Active Inference
GuestStream #102.1,GuestStream,#102.1,4/9/2025,https://www.youtube.com/live/gSL8PWN4soc,Majid D Beni,"Scientific Explanation, Causality, and Agency A Free Energy Account"
MathStream #012.1,MathStream,#012.1,4/10/2025,https://www.youtube.com/live/h6426dEKaMg,Ola Rønning,ELBOing Stein: Variational Bayes with Stein Mixture Inference
"Parr, Pezzulo, Friston 2022 Textbook Cohort 7, Chapter 9 part 2","Parr, Pezzulo, Friston 2022 Textbook","Cohort 7, Chapter 9 part 2",4/10/2025,https://youtu.be/h-TSZspHRvE,,"Textbook Group meeting for Parr, Pezzulo, Friston 2022."
GuestStream #082.5,GuestStream,#082.5,4/14/2025,https://www.youtube.com/live/p7iq4AAIwjc,Robert Worden,"Computers, Meaning and Consciousness"
Active InferAnt Stream #012.2,Active InferAnt Stream,#012.2,4/16/2025,https://www.youtube.com/live/EIOIMEo8vOY,Daniel Friedman,Case of the Evolving CEREBRUM: The Curious Language of the Incident
"Parr, Pezzulo, Friston 2022 Textbook Cohort 7, Chapter 10 part 1","Parr, Pezzulo, Friston 2022 Textbook","Cohort 7, Chapter 10 part 1",4/17/2025,https://youtu.be/hHhIUocRkts,,"Textbook Group meeting for Parr, Pezzulo, Friston 2022."
GuestStream #103.1,GuestStream,#103.1,4/21/2025,https://www.youtube.com/live/ZRNQ8ZzMc_c,Tobias Plowman,The Mind in Motion: A Systems Model of Real-Time Cognitive Transitions
GuestStream #104.1,GuestStream,#104.1,4/22/2025,https://www.youtube.com/live/veGQUGE0hLI,"Tadahiro Taniguchi ",Collective Predictive Coding and Active Inference: A New Perspective on Emergent Communication
"Parr, Pezzulo, Friston 2022 Textbook Cohort 7, Chapter 10 part 2","Parr, Pezzulo, Friston 2022 Textbook","Cohort 7, Chapter 10 part 2",4/24/2025,https://youtu.be/tmsY1ep8ZF4,,"Textbook Group meeting for Parr, Pezzulo, Friston 2022."
Active InferAnt Stream #013.1,Active InferAnt Stream,#013.1,4/25/2025,https://www.youtube.com/live/nT11dSbr6QE,Daniel Friedman,NoOrg is a Real Org
ModelStream #018.1,ModelStream,#018.1,4/28/2025,https://www.youtube.com/live/7vbtSdkDgc8,"Giovanni Russo,Hozefa Jesawada,Karl J Friston",Robust Decision-Making Via Free Energy Minimization
GuestStream #105.1,GuestStream,#105.1,5/2/2025,https://www.youtube.com/live/TKksAVCOUCU,Paola Di Maio,"Systemic Deviation, A Key to Explain Systemic Failures"
GuestStream #106.1,GuestStream,#106.1,5/5/2025,https://www.youtube.com/live/pqMph8eEUs4,"Bang Liu,Hongzhang Liu,Shaokun Zhang,Xiaoqiang Wang,Haibo Jin","Advances and Challenges in Foundation Agents: From Brain-Inspired Intelligence to Evolutionary, Collaborative, and Safe Systems"
Active InferAnt Stream #014.1,Active InferAnt Stream,#014.1,5/15/2025,https://www.youtube.com/live/3tYOBVIOLyU,Daniel Friedman,Generalized Notation Notation: From Plaintext to Triple Play
MathStream #013.1,MathStream,#013.1,5/20/2025,https://www.youtube.com/live/_8xNPQEqnKE,Alexis Toumi,DisCoPy: Monoidal Categories for Active Inference
GuestStream #107.1,GuestStream,#107.1,5/21/2025,https://www.youtube.com/live/3a01ltP-p9I,David Benrimoh,The Role of Affective States in Computational Psychiatry
GuestStream #108.1,GuestStream,#108.1,5/22/2025,https://www.youtube.com/live/_YRRB5basok,Christo Kurisummoottil Thomas,Next-Generation Artificial Intelligence for Emergent Semantic Communications
GuestStream #109.1,GuestStream,#109.1,5/23/2025,https://www.youtube.com/live/aRT9n16N4J8,Alexander Hemming,"Free Energy, Attentional Narrowing, and Cognitive Rigidity: A Hierarchical Predictive Processing Approach"
MathStream #014.1,MathStream,#014.1,5/30/2025,https://www.youtube.com/live/kDLBmwMikfk,Jesse van Oostrum,A concise mathematical description of active inference in discrete time
GuestStream #110.1,GuestStream,#110.1,6/4/2025,https://www.youtube.com/live/gS_WocoCJvI,Takuya Isomura,Triple equivalence for the emergence of biological intelligence
Active InferAnt Stream #014.2,Active InferAnt Stream,#014.2,6/8/2025,https://www.youtube.com/live/Y3-FMoaEZYE,Daniel Friedman,GNN for Generative Model Supply Chains: A Golden Spike Moment for Multiagent Trajectory Planning with RxInfer.jl
GuestStream #111.1,GuestStream,#111.1,6/11/2025,https://www.youtube.com/live/sSStRTOxuWk,Georgi Georgiev,Modeling and Predicting Self-Organization in Dynamic Systems out of Thermodynamic Equilibrium
OrgStream #009.1,OrgStream,#009.1,6/18/2025,https://www.youtube.com/live/q3kUt1xR_fo,Manuel Hoffmann,The Value of Open Source Software
Active InferAnt Stream #014.3,Active InferAnt Stream,#014.3,6/23/2025,https://www.youtube.com/live/L0kFneuINsg,Daniel Friedman,The Sound of Uncertainty: Auditory Rendering of Generative Models in the Field of Streams
GuestStream #112.1,GuestStream,#112.1,6/25/2025,https://www.youtube.com/live/fTg-S81Ymto,Hadi Vafaii,Brain-like variational inference
GuestStream #113.1,GuestStream,#113.1,6/26/2025,https://www.youtube.com/live/vgSYGS9l8nI,Sergio Samuel Montañez Jacquez,Bayesian Mechanics of Economic Choice: Computational Foundations of Economic Behavior
Roundtable 2025.2,Roundtable,2025.2,6/27/2025,https://www.youtube.com/live/-cKpXSZLvMQ,Daniel Friedman,2025 Quarterly Roundtable #2
GuestStream #114.1,GuestStream,#114.1,7/17/2025,https://www.youtube.com/live/C1NxyfMDP4U,"Chris Fields,Alex Kiefer,Adam Safron,Maxwell J D Ramstead,Karl J Friston",How do inner screens enable imaginative experience? Applying the free-energy principle directly to the study of conscious experience
GuestStream #115.1,GuestStream,#115.1,7/30/2025,https://www.youtube.com/live/85ob-jrG7xQ,Alexi Gladstone,Energy-Based Transformers are Scalable Learners and Thinkers
GuestStream #116.1,GuestStream,#116.1,8/6/2025,https://www.youtube.com/live/0h_mf5usgvg,Max Aifer,Solving the compute crisis with physics-based ASICs
GuestStream #117.1,GuestStream,#117.1,8/21/2025,https://www.youtube.com/live/0t14D4epcuw,"Tadahiro Taniguchi ",Co-Creative Learning via Metropolis-Hastings Interaction between Humans and AI
Roundtable 2025.3,Roundtable,2025.3,9/26/2025,https://www.youtube.com/live/PPKFlARc7gY,,2025 Quarterly Roundtable #3
ReviewStream 2025,ReviewStream,2025,12/19/2025,https://www.youtube.com/live/gS-qhMNFm84,,2025 Active Inference Livestream Review
Roundtable 2025.4,Roundtable,2025.4,12/19/2025,https://www.youtube.com/live/09FfbL1YYOI,,2025 Quarterly Roundtable #4